filename,variance_of_laplacian,dest
000000.jpg,52.2980,/Users/jeff/python/10_demo/v1/frames_step1/blurred_frames/000000.jpg
000001.jpg,52.2969,/Users/jeff/python/10_demo/v1/frames_step1/blurred_frames/000001.jpg
000002.jpg,45.5456,/Users/jeff/python/10_demo/v1/frames_step1/blurred_frames/000002.jpg
000003.jpg,43.4490,/Users/jeff/python/10_demo/v1/frames_step1/blurred_frames/000003.jpg
000004.jpg,45.6911,/Users/jeff/python/10_demo/v1/frames_step1/blurred_frames/000004.jpg
000005.jpg,41.3719,/Users/jeff/python/10_demo/v1/frames_step1/blurred_frames/000005.jpg
000006.jpg,42.8287,/Users/jeff/python/10_demo/v1/frames_step1/blurred_frames/000006.jpg
000007.jpg,36.5679,/Users/jeff/python/10_demo/v1/frames_step1/blurred_frames/000007.jpg
000008.jpg,35.9114,/Users/jeff/python/10_demo/v1/frames_step1/blurred_frames/000008.jpg
000009.jpg,39.2070,/Users/jeff/python/10_demo/v1/frames_step1/blurred_frames/000009.jpg
000010.jpg,32.8425,/Users/jeff/python/10_demo/v1/frames_step1/blurred_frames/000010.jpg
000011.jpg,35.7304,/Users/jeff/python/10_demo/v1/frames_step1/blurred_frames/000011.jpg
000012.jpg,28.6889,/Users/jeff/python/10_demo/v1/frames_step1/blurred_frames/000012.jpg
000013.jpg,27.8043,/Users/jeff/python/10_demo/v1/frames_step1/blurred_frames/000013.jpg
000014.jpg,30.7359,/Users/jeff/python/10_demo/v1/frames_step1/blurred_frames/000014.jpg
000015.jpg,24.0911,/Users/jeff/python/10_demo/v1/frames_step1/blurred_frames/000015.jpg
000016.jpg,22.1516,/Users/jeff/python/10_demo/v1/frames_step1/blurred_frames/000016.jpg
000017.jpg,24.6512,/Users/jeff/python/10_demo/v1/frames_step1/blurred_frames/000017.jpg
000018.jpg,19.0967,/Users/jeff/python/10_demo/v1/frames_step1/blurred_frames/000018.jpg
000019.jpg,17.7395,/Users/jeff/python/10_demo/v1/frames_step1/blurred_frames/000019.jpg
000020.jpg,19.7788,/Users/jeff/python/10_demo/v1/frames_step1/blurred_frames/000020.jpg
000021.jpg,15.6247,/Users/jeff/python/10_demo/v1/frames_step1/blurred_frames/000021.jpg
000022.jpg,16.0425,/Users/jeff/python/10_demo/v1/frames_step1/blurred_frames/000022.jpg
000023.jpg,12.5088,/Users/jeff/python/10_demo/v1/frames_step1/blurred_frames/000023.jpg
000024.jpg,12.9514,/Users/jeff/python/10_demo/v1/frames_step1/blurred_frames/000024.jpg
000025.jpg,13.1725,/Users/jeff/python/10_demo/v1/frames_step1/blurred_frames/000025.jpg
000026.jpg,9.7454,/Users/jeff/python/10_demo/v1/frames_step1/blurred_frames/000026.jpg
000027.jpg,8.5813,/Users/jeff/python/10_demo/v1/frames_step1/blurred_frames/000027.jpg
000028.jpg,9.4846,/Users/jeff/python/10_demo/v1/frames_step1/blurred_frames/000028.jpg
000029.jpg,6.6271,/Users/jeff/python/10_demo/v1/frames_step1/blurred_frames/000029.jpg
000030.jpg,7.7414,/Users/jeff/python/10_demo/v1/frames_step1/blurred_frames/000030.jpg
000031.jpg,5.9146,/Users/jeff/python/10_demo/v1/frames_step1/blurred_frames/000031.jpg
000032.jpg,5.3506,/Users/jeff/python/10_demo/v1/frames_step1/blurred_frames/000032.jpg
000033.jpg,5.8014,/Users/jeff/python/10_demo/v1/frames_step1/blurred_frames/000033.jpg
000034.jpg,4.4050,/Users/jeff/python/10_demo/v1/frames_step1/blurred_frames/000034.jpg
000035.jpg,5.1045,/Users/jeff/python/10_demo/v1/frames_step1/blurred_frames/000035.jpg
000036.jpg,3.9974,/Users/jeff/python/10_demo/v1/frames_step1/blurred_frames/000036.jpg
000037.jpg,4.5053,/Users/jeff/python/10_demo/v1/frames_step1/blurred_frames/000037.jpg
000038.jpg,3.7572,/Users/jeff/python/10_demo/v1/frames_step1/blurred_frames/000038.jpg
000039.jpg,3.5430,/Users/jeff/python/10_demo/v1/frames_step1/blurred_frames/000039.jpg
000040.jpg,3.7416,/Users/jeff/python/10_demo/v1/frames_step1/blurred_frames/000040.jpg
000041.jpg,3.2595,/Users/jeff/python/10_demo/v1/frames_step1/blurred_frames/000041.jpg
000042.jpg,3.1718,/Users/jeff/python/10_demo/v1/frames_step1/blurred_frames/000042.jpg
000043.jpg,3.3576,/Users/jeff/python/10_demo/v1/frames_step1/blurred_frames/000043.jpg
000044.jpg,3.0018,/Users/jeff/python/10_demo/v1/frames_step1/blurred_frames/000044.jpg
000045.jpg,2.9380,/Users/jeff/python/10_demo/v1/frames_step1/blurred_frames/000045.jpg
000046.jpg,3.0234,/Users/jeff/python/10_demo/v1/frames_step1/blurred_frames/000046.jpg
000047.jpg,2.7277,/Users/jeff/python/10_demo/v1/frames_step1/blurred_frames/000047.jpg
000048.jpg,2.8440,/Users/jeff/python/10_demo/v1/frames_step1/blurred_frames/000048.jpg
000049.jpg,2.8682,/Users/jeff/python/10_demo/v1/frames_step1/blurred_frames/000049.jpg
000050.jpg,2.6234,/Users/jeff/python/10_demo/v1/frames_step1/blurred_frames/000050.jpg
000051.jpg,2.6441,/Users/jeff/python/10_demo/v1/frames_step1/blurred_frames/000051.jpg
000052.jpg,2.8301,/Users/jeff/python/10_demo/v1/frames_step1/blurred_frames/000052.jpg
000053.jpg,2.7122,/Users/jeff/python/10_demo/v1/frames_step1/blurred_frames/000053.jpg
000054.jpg,2.7299,/Users/jeff/python/10_demo/v1/frames_step1/blurred_frames/000054.jpg
000055.jpg,2.8226,/Users/jeff/python/10_demo/v1/frames_step1/blurred_frames/000055.jpg
000056.jpg,2.7155,/Users/jeff/python/10_demo/v1/frames_step1/blurred_frames/000056.jpg
000057.jpg,2.7762,/Users/jeff/python/10_demo/v1/frames_step1/blurred_frames/000057.jpg
000058.jpg,2.9383,/Users/jeff/python/10_demo/v1/frames_step1/blurred_frames/000058.jpg
000059.jpg,2.7269,/Users/jeff/python/10_demo/v1/frames_step1/blurred_frames/000059.jpg
000060.jpg,2.8382,/Users/jeff/python/10_demo/v1/frames_step1/blurred_frames/000060.jpg
000061.jpg,2.9996,/Users/jeff/python/10_demo/v1/frames_step1/blurred_frames/000061.jpg
000062.jpg,3.0539,/Users/jeff/python/10_demo/v1/frames_step1/blurred_frames/000062.jpg
000063.jpg,2.9493,/Users/jeff/python/10_demo/v1/frames_step1/blurred_frames/000063.jpg
000064.jpg,3.1877,/Users/jeff/python/10_demo/v1/frames_step1/blurred_frames/000064.jpg
000065.jpg,3.3186,/Users/jeff/python/10_demo/v1/frames_step1/blurred_frames/000065.jpg
000066.jpg,3.1032,/Users/jeff/python/10_demo/v1/frames_step1/blurred_frames/000066.jpg
000067.jpg,3.5254,/Users/jeff/python/10_demo/v1/frames_step1/blurred_frames/000067.jpg
000068.jpg,3.5350,/Users/jeff/python/10_demo/v1/frames_step1/blurred_frames/000068.jpg
000069.jpg,3.8835,/Users/jeff/python/10_demo/v1/frames_step1/blurred_frames/000069.jpg
000070.jpg,4.2266,/Users/jeff/python/10_demo/v1/frames_step1/blurred_frames/000070.jpg
000071.jpg,3.9918,/Users/jeff/python/10_demo/v1/frames_step1/blurred_frames/000071.jpg
000072.jpg,4.5758,/Users/jeff/python/10_demo/v1/frames_step1/blurred_frames/000072.jpg
000073.jpg,5.2899,/Users/jeff/python/10_demo/v1/frames_step1/blurred_frames/000073.jpg
000074.jpg,5.2137,/Users/jeff/python/10_demo/v1/frames_step1/blurred_frames/000074.jpg
000075.jpg,4.9827,/Users/jeff/python/10_demo/v1/frames_step1/blurred_frames/000075.jpg
000076.jpg,5.7217,/Users/jeff/python/10_demo/v1/frames_step1/blurred_frames/000076.jpg
000077.jpg,5.8283,/Users/jeff/python/10_demo/v1/frames_step1/blurred_frames/000077.jpg
000078.jpg,6.4708,/Users/jeff/python/10_demo/v1/frames_step1/blurred_frames/000078.jpg
000079.jpg,6.0133,/Users/jeff/python/10_demo/v1/frames_step1/blurred_frames/000079.jpg
000080.jpg,7.4644,/Users/jeff/python/10_demo/v1/frames_step1/blurred_frames/000080.jpg
000081.jpg,7.9849,/Users/jeff/python/10_demo/v1/frames_step1/blurred_frames/000081.jpg
000082.jpg,7.5607,/Users/jeff/python/10_demo/v1/frames_step1/blurred_frames/000082.jpg
000083.jpg,8.8079,/Users/jeff/python/10_demo/v1/frames_step1/blurred_frames/000083.jpg
000084.jpg,10.0254,/Users/jeff/python/10_demo/v1/frames_step1/blurred_frames/000084.jpg
000085.jpg,11.4717,/Users/jeff/python/10_demo/v1/frames_step1/blurred_frames/000085.jpg
000086.jpg,14.2821,/Users/jeff/python/10_demo/v1/frames_step1/blurred_frames/000086.jpg
000087.jpg,16.2179,/Users/jeff/python/10_demo/v1/frames_step1/blurred_frames/000087.jpg
000088.jpg,16.2890,/Users/jeff/python/10_demo/v1/frames_step1/blurred_frames/000088.jpg
000089.jpg,17.0510,/Users/jeff/python/10_demo/v1/frames_step1/blurred_frames/000089.jpg
000090.jpg,15.7074,/Users/jeff/python/10_demo/v1/frames_step1/blurred_frames/000090.jpg
000091.jpg,15.3571,/Users/jeff/python/10_demo/v1/frames_step1/blurred_frames/000091.jpg
000092.jpg,17.4458,/Users/jeff/python/10_demo/v1/frames_step1/blurred_frames/000092.jpg
000093.jpg,17.0634,/Users/jeff/python/10_demo/v1/frames_step1/blurred_frames/000093.jpg
000094.jpg,17.3461,/Users/jeff/python/10_demo/v1/frames_step1/blurred_frames/000094.jpg
000095.jpg,14.7918,/Users/jeff/python/10_demo/v1/frames_step1/blurred_frames/000095.jpg
000096.jpg,14.7163,/Users/jeff/python/10_demo/v1/frames_step1/blurred_frames/000096.jpg
000097.jpg,16.8481,/Users/jeff/python/10_demo/v1/frames_step1/blurred_frames/000097.jpg
000098.jpg,16.5473,/Users/jeff/python/10_demo/v1/frames_step1/blurred_frames/000098.jpg
000099.jpg,16.3968,/Users/jeff/python/10_demo/v1/frames_step1/blurred_frames/000099.jpg
000100.jpg,16.7679,/Users/jeff/python/10_demo/v1/frames_step1/blurred_frames/000100.jpg
000101.jpg,15.7338,/Users/jeff/python/10_demo/v1/frames_step1/blurred_frames/000101.jpg
000102.jpg,16.7887,/Users/jeff/python/10_demo/v1/frames_step1/blurred_frames/000102.jpg
000103.jpg,15.4863,/Users/jeff/python/10_demo/v1/frames_step1/blurred_frames/000103.jpg
000104.jpg,16.5570,/Users/jeff/python/10_demo/v1/frames_step1/blurred_frames/000104.jpg
000105.jpg,15.2123,/Users/jeff/python/10_demo/v1/frames_step1/blurred_frames/000105.jpg
000106.jpg,15.2049,/Users/jeff/python/10_demo/v1/frames_step1/blurred_frames/000106.jpg
000107.jpg,16.7711,/Users/jeff/python/10_demo/v1/frames_step1/blurred_frames/000107.jpg
000108.jpg,14.9457,/Users/jeff/python/10_demo/v1/frames_step1/blurred_frames/000108.jpg
000109.jpg,14.7705,/Users/jeff/python/10_demo/v1/frames_step1/blurred_frames/000109.jpg
000110.jpg,16.3900,/Users/jeff/python/10_demo/v1/frames_step1/blurred_frames/000110.jpg
000111.jpg,15.5146,/Users/jeff/python/10_demo/v1/frames_step1/blurred_frames/000111.jpg
000112.jpg,15.6469,/Users/jeff/python/10_demo/v1/frames_step1/blurred_frames/000112.jpg
000113.jpg,15.9799,/Users/jeff/python/10_demo/v1/frames_step1/blurred_frames/000113.jpg
000114.jpg,15.3053,/Users/jeff/python/10_demo/v1/frames_step1/blurred_frames/000114.jpg
000115.jpg,16.4916,/Users/jeff/python/10_demo/v1/frames_step1/blurred_frames/000115.jpg
000116.jpg,15.5067,/Users/jeff/python/10_demo/v1/frames_step1/blurred_frames/000116.jpg
000117.jpg,19.4744,/Users/jeff/python/10_demo/v1/frames_step1/blurred_frames/000117.jpg
000118.jpg,21.9647,/Users/jeff/python/10_demo/v1/frames_step1/blurred_frames/000118.jpg
000119.jpg,33.9894,/Users/jeff/python/10_demo/v1/frames_step1/blurred_frames/000119.jpg
000120.jpg,56.0037,/Users/jeff/python/10_demo/v1/frames_step1/blurred_frames/000120.jpg
000121.jpg,76.8847,/Users/jeff/python/10_demo/v1/frames_step1/blurred_frames/000121.jpg
000155.jpg,77.5367,/Users/jeff/python/10_demo/v1/frames_step1/blurred_frames/000155.jpg
000156.jpg,78.6455,/Users/jeff/python/10_demo/v1/frames_step1/blurred_frames/000156.jpg
000157.jpg,77.9991,/Users/jeff/python/10_demo/v1/frames_step1/blurred_frames/000157.jpg
000158.jpg,76.6404,/Users/jeff/python/10_demo/v1/frames_step1/blurred_frames/000158.jpg
000159.jpg,77.1535,/Users/jeff/python/10_demo/v1/frames_step1/blurred_frames/000159.jpg
000160.jpg,75.1977,/Users/jeff/python/10_demo/v1/frames_step1/blurred_frames/000160.jpg
000161.jpg,59.2543,/Users/jeff/python/10_demo/v1/frames_step1/blurred_frames/000161.jpg
000162.jpg,56.3907,/Users/jeff/python/10_demo/v1/frames_step1/blurred_frames/000162.jpg
000163.jpg,57.1148,/Users/jeff/python/10_demo/v1/frames_step1/blurred_frames/000163.jpg
000164.jpg,54.6813,/Users/jeff/python/10_demo/v1/frames_step1/blurred_frames/000164.jpg
000165.jpg,53.8863,/Users/jeff/python/10_demo/v1/frames_step1/blurred_frames/000165.jpg
000166.jpg,54.8641,/Users/jeff/python/10_demo/v1/frames_step1/blurred_frames/000166.jpg
000167.jpg,52.2975,/Users/jeff/python/10_demo/v1/frames_step1/blurred_frames/000167.jpg
000168.jpg,53.2873,/Users/jeff/python/10_demo/v1/frames_step1/blurred_frames/000168.jpg
000169.jpg,52.8174,/Users/jeff/python/10_demo/v1/frames_step1/blurred_frames/000169.jpg
000170.jpg,54.8558,/Users/jeff/python/10_demo/v1/frames_step1/blurred_frames/000170.jpg
000171.jpg,54.8917,/Users/jeff/python/10_demo/v1/frames_step1/blurred_frames/000171.jpg
000172.jpg,53.0019,/Users/jeff/python/10_demo/v1/frames_step1/blurred_frames/000172.jpg
000173.jpg,53.3260,/Users/jeff/python/10_demo/v1/frames_step1/blurred_frames/000173.jpg
000174.jpg,52.2839,/Users/jeff/python/10_demo/v1/frames_step1/blurred_frames/000174.jpg
000175.jpg,53.7450,/Users/jeff/python/10_demo/v1/frames_step1/blurred_frames/000175.jpg
000176.jpg,53.8695,/Users/jeff/python/10_demo/v1/frames_step1/blurred_frames/000176.jpg
000177.jpg,52.5315,/Users/jeff/python/10_demo/v1/frames_step1/blurred_frames/000177.jpg
000178.jpg,52.4197,/Users/jeff/python/10_demo/v1/frames_step1/blurred_frames/000178.jpg
000179.jpg,51.1644,/Users/jeff/python/10_demo/v1/frames_step1/blurred_frames/000179.jpg
000180.jpg,51.9272,/Users/jeff/python/10_demo/v1/frames_step1/blurred_frames/000180.jpg
000181.jpg,52.0003,/Users/jeff/python/10_demo/v1/frames_step1/blurred_frames/000181.jpg
000182.jpg,50.9014,/Users/jeff/python/10_demo/v1/frames_step1/blurred_frames/000182.jpg
000183.jpg,50.4515,/Users/jeff/python/10_demo/v1/frames_step1/blurred_frames/000183.jpg
000184.jpg,51.1928,/Users/jeff/python/10_demo/v1/frames_step1/blurred_frames/000184.jpg
000185.jpg,50.4891,/Users/jeff/python/10_demo/v1/frames_step1/blurred_frames/000185.jpg
000186.jpg,51.7799,/Users/jeff/python/10_demo/v1/frames_step1/blurred_frames/000186.jpg
000187.jpg,53.0768,/Users/jeff/python/10_demo/v1/frames_step1/blurred_frames/000187.jpg
000188.jpg,52.8176,/Users/jeff/python/10_demo/v1/frames_step1/blurred_frames/000188.jpg
000189.jpg,54.3375,/Users/jeff/python/10_demo/v1/frames_step1/blurred_frames/000189.jpg
000190.jpg,53.8527,/Users/jeff/python/10_demo/v1/frames_step1/blurred_frames/000190.jpg
000191.jpg,54.0864,/Users/jeff/python/10_demo/v1/frames_step1/blurred_frames/000191.jpg
000192.jpg,55.9424,/Users/jeff/python/10_demo/v1/frames_step1/blurred_frames/000192.jpg
000193.jpg,55.9658,/Users/jeff/python/10_demo/v1/frames_step1/blurred_frames/000193.jpg
000194.jpg,56.4538,/Users/jeff/python/10_demo/v1/frames_step1/blurred_frames/000194.jpg
000195.jpg,57.6566,/Users/jeff/python/10_demo/v1/frames_step1/blurred_frames/000195.jpg
000196.jpg,57.7652,/Users/jeff/python/10_demo/v1/frames_step1/blurred_frames/000196.jpg
000197.jpg,56.7291,/Users/jeff/python/10_demo/v1/frames_step1/blurred_frames/000197.jpg
000198.jpg,57.4252,/Users/jeff/python/10_demo/v1/frames_step1/blurred_frames/000198.jpg
000199.jpg,56.9264,/Users/jeff/python/10_demo/v1/frames_step1/blurred_frames/000199.jpg
000200.jpg,57.5400,/Users/jeff/python/10_demo/v1/frames_step1/blurred_frames/000200.jpg
000201.jpg,57.6263,/Users/jeff/python/10_demo/v1/frames_step1/blurred_frames/000201.jpg
000202.jpg,57.5442,/Users/jeff/python/10_demo/v1/frames_step1/blurred_frames/000202.jpg
000203.jpg,58.2564,/Users/jeff/python/10_demo/v1/frames_step1/blurred_frames/000203.jpg
000204.jpg,57.7672,/Users/jeff/python/10_demo/v1/frames_step1/blurred_frames/000204.jpg
000205.jpg,58.2928,/Users/jeff/python/10_demo/v1/frames_step1/blurred_frames/000205.jpg
000206.jpg,55.9591,/Users/jeff/python/10_demo/v1/frames_step1/blurred_frames/000206.jpg
000207.jpg,55.3143,/Users/jeff/python/10_demo/v1/frames_step1/blurred_frames/000207.jpg
000208.jpg,55.2692,/Users/jeff/python/10_demo/v1/frames_step1/blurred_frames/000208.jpg
000209.jpg,53.5494,/Users/jeff/python/10_demo/v1/frames_step1/blurred_frames/000209.jpg
000210.jpg,53.3209,/Users/jeff/python/10_demo/v1/frames_step1/blurred_frames/000210.jpg
000211.jpg,53.8840,/Users/jeff/python/10_demo/v1/frames_step1/blurred_frames/000211.jpg
000212.jpg,53.4648,/Users/jeff/python/10_demo/v1/frames_step1/blurred_frames/000212.jpg
000213.jpg,50.9641,/Users/jeff/python/10_demo/v1/frames_step1/blurred_frames/000213.jpg
000214.jpg,49.0903,/Users/jeff/python/10_demo/v1/frames_step1/blurred_frames/000214.jpg
000215.jpg,47.9044,/Users/jeff/python/10_demo/v1/frames_step1/blurred_frames/000215.jpg
000216.jpg,41.0481,/Users/jeff/python/10_demo/v1/frames_step1/blurred_frames/000216.jpg
000217.jpg,41.6424,/Users/jeff/python/10_demo/v1/frames_step1/blurred_frames/000217.jpg
000218.jpg,43.2109,/Users/jeff/python/10_demo/v1/frames_step1/blurred_frames/000218.jpg
000219.jpg,38.5140,/Users/jeff/python/10_demo/v1/frames_step1/blurred_frames/000219.jpg
000220.jpg,38.5153,/Users/jeff/python/10_demo/v1/frames_step1/blurred_frames/000220.jpg
000221.jpg,35.7764,/Users/jeff/python/10_demo/v1/frames_step1/blurred_frames/000221.jpg
000222.jpg,27.9517,/Users/jeff/python/10_demo/v1/frames_step1/blurred_frames/000222.jpg
000223.jpg,21.8692,/Users/jeff/python/10_demo/v1/frames_step1/blurred_frames/000223.jpg
000224.jpg,15.2225,/Users/jeff/python/10_demo/v1/frames_step1/blurred_frames/000224.jpg
000225.jpg,15.0382,/Users/jeff/python/10_demo/v1/frames_step1/blurred_frames/000225.jpg
000226.jpg,13.4827,/Users/jeff/python/10_demo/v1/frames_step1/blurred_frames/000226.jpg
000227.jpg,10.9078,/Users/jeff/python/10_demo/v1/frames_step1/blurred_frames/000227.jpg
000228.jpg,5.8048,/Users/jeff/python/10_demo/v1/frames_step1/blurred_frames/000228.jpg
000229.jpg,4.9031,/Users/jeff/python/10_demo/v1/frames_step1/blurred_frames/000229.jpg
000230.jpg,4.8475,/Users/jeff/python/10_demo/v1/frames_step1/blurred_frames/000230.jpg
000231.jpg,6.0017,/Users/jeff/python/10_demo/v1/frames_step1/blurred_frames/000231.jpg
000232.jpg,6.2381,/Users/jeff/python/10_demo/v1/frames_step1/blurred_frames/000232.jpg
000233.jpg,6.3941,/Users/jeff/python/10_demo/v1/frames_step1/blurred_frames/000233.jpg
000234.jpg,6.4466,/Users/jeff/python/10_demo/v1/frames_step1/blurred_frames/000234.jpg
000235.jpg,8.1970,/Users/jeff/python/10_demo/v1/frames_step1/blurred_frames/000235.jpg
000236.jpg,8.2458,/Users/jeff/python/10_demo/v1/frames_step1/blurred_frames/000236.jpg
000237.jpg,8.0944,/Users/jeff/python/10_demo/v1/frames_step1/blurred_frames/000237.jpg
000238.jpg,8.3954,/Users/jeff/python/10_demo/v1/frames_step1/blurred_frames/000238.jpg
000239.jpg,9.0550,/Users/jeff/python/10_demo/v1/frames_step1/blurred_frames/000239.jpg
000240.jpg,9.5386,/Users/jeff/python/10_demo/v1/frames_step1/blurred_frames/000240.jpg
000241.jpg,11.3032,/Users/jeff/python/10_demo/v1/frames_step1/blurred_frames/000241.jpg
000242.jpg,12.3160,/Users/jeff/python/10_demo/v1/frames_step1/blurred_frames/000242.jpg
000243.jpg,12.3901,/Users/jeff/python/10_demo/v1/frames_step1/blurred_frames/000243.jpg
000244.jpg,14.5316,/Users/jeff/python/10_demo/v1/frames_step1/blurred_frames/000244.jpg
000245.jpg,14.5293,/Users/jeff/python/10_demo/v1/frames_step1/blurred_frames/000245.jpg
000246.jpg,15.3377,/Users/jeff/python/10_demo/v1/frames_step1/blurred_frames/000246.jpg
000247.jpg,16.0243,/Users/jeff/python/10_demo/v1/frames_step1/blurred_frames/000247.jpg
000248.jpg,17.5267,/Users/jeff/python/10_demo/v1/frames_step1/blurred_frames/000248.jpg
000249.jpg,18.1546,/Users/jeff/python/10_demo/v1/frames_step1/blurred_frames/000249.jpg
000250.jpg,18.1877,/Users/jeff/python/10_demo/v1/frames_step1/blurred_frames/000250.jpg
000251.jpg,21.2441,/Users/jeff/python/10_demo/v1/frames_step1/blurred_frames/000251.jpg
000252.jpg,20.2503,/Users/jeff/python/10_demo/v1/frames_step1/blurred_frames/000252.jpg
000253.jpg,23.6588,/Users/jeff/python/10_demo/v1/frames_step1/blurred_frames/000253.jpg
000254.jpg,23.7116,/Users/jeff/python/10_demo/v1/frames_step1/blurred_frames/000254.jpg
000255.jpg,22.8880,/Users/jeff/python/10_demo/v1/frames_step1/blurred_frames/000255.jpg
000256.jpg,26.8854,/Users/jeff/python/10_demo/v1/frames_step1/blurred_frames/000256.jpg
000257.jpg,24.0078,/Users/jeff/python/10_demo/v1/frames_step1/blurred_frames/000257.jpg
000258.jpg,28.3400,/Users/jeff/python/10_demo/v1/frames_step1/blurred_frames/000258.jpg
000259.jpg,29.6841,/Users/jeff/python/10_demo/v1/frames_step1/blurred_frames/000259.jpg
000260.jpg,30.6038,/Users/jeff/python/10_demo/v1/frames_step1/blurred_frames/000260.jpg
000261.jpg,37.5226,/Users/jeff/python/10_demo/v1/frames_step1/blurred_frames/000261.jpg
000262.jpg,42.7349,/Users/jeff/python/10_demo/v1/frames_step1/blurred_frames/000262.jpg
000263.jpg,51.1717,/Users/jeff/python/10_demo/v1/frames_step1/blurred_frames/000263.jpg
000264.jpg,57.8661,/Users/jeff/python/10_demo/v1/frames_step1/blurred_frames/000264.jpg
000265.jpg,64.4841,/Users/jeff/python/10_demo/v1/frames_step1/blurred_frames/000265.jpg
000266.jpg,70.5442,/Users/jeff/python/10_demo/v1/frames_step1/blurred_frames/000266.jpg
000267.jpg,72.7382,/Users/jeff/python/10_demo/v1/frames_step1/blurred_frames/000267.jpg
000322.jpg,76.7758,/Users/jeff/python/10_demo/v1/frames_step1/blurred_frames/000322.jpg
000323.jpg,71.5829,/Users/jeff/python/10_demo/v1/frames_step1/blurred_frames/000323.jpg
000324.jpg,67.7463,/Users/jeff/python/10_demo/v1/frames_step1/blurred_frames/000324.jpg
000325.jpg,65.2892,/Users/jeff/python/10_demo/v1/frames_step1/blurred_frames/000325.jpg
000326.jpg,62.1019,/Users/jeff/python/10_demo/v1/frames_step1/blurred_frames/000326.jpg
000327.jpg,59.8224,/Users/jeff/python/10_demo/v1/frames_step1/blurred_frames/000327.jpg
000328.jpg,57.7477,/Users/jeff/python/10_demo/v1/frames_step1/blurred_frames/000328.jpg
000329.jpg,51.1473,/Users/jeff/python/10_demo/v1/frames_step1/blurred_frames/000329.jpg
000330.jpg,45.0737,/Users/jeff/python/10_demo/v1/frames_step1/blurred_frames/000330.jpg
000331.jpg,37.0057,/Users/jeff/python/10_demo/v1/frames_step1/blurred_frames/000331.jpg
000332.jpg,36.7939,/Users/jeff/python/10_demo/v1/frames_step1/blurred_frames/000332.jpg
000333.jpg,36.6666,/Users/jeff/python/10_demo/v1/frames_step1/blurred_frames/000333.jpg
000334.jpg,35.0865,/Users/jeff/python/10_demo/v1/frames_step1/blurred_frames/000334.jpg
000335.jpg,26.0464,/Users/jeff/python/10_demo/v1/frames_step1/blurred_frames/000335.jpg
000336.jpg,13.4647,/Users/jeff/python/10_demo/v1/frames_step1/blurred_frames/000336.jpg
000337.jpg,7.1427,/Users/jeff/python/10_demo/v1/frames_step1/blurred_frames/000337.jpg
000338.jpg,4.3800,/Users/jeff/python/10_demo/v1/frames_step1/blurred_frames/000338.jpg
000339.jpg,6.3706,/Users/jeff/python/10_demo/v1/frames_step1/blurred_frames/000339.jpg
000340.jpg,12.1303,/Users/jeff/python/10_demo/v1/frames_step1/blurred_frames/000340.jpg
000341.jpg,12.6891,/Users/jeff/python/10_demo/v1/frames_step1/blurred_frames/000341.jpg
000342.jpg,12.6024,/Users/jeff/python/10_demo/v1/frames_step1/blurred_frames/000342.jpg
000343.jpg,11.2151,/Users/jeff/python/10_demo/v1/frames_step1/blurred_frames/000343.jpg
000344.jpg,12.0327,/Users/jeff/python/10_demo/v1/frames_step1/blurred_frames/000344.jpg
000345.jpg,11.1908,/Users/jeff/python/10_demo/v1/frames_step1/blurred_frames/000345.jpg
000346.jpg,11.5972,/Users/jeff/python/10_demo/v1/frames_step1/blurred_frames/000346.jpg
000347.jpg,12.5248,/Users/jeff/python/10_demo/v1/frames_step1/blurred_frames/000347.jpg
000348.jpg,11.8304,/Users/jeff/python/10_demo/v1/frames_step1/blurred_frames/000348.jpg
000349.jpg,15.1186,/Users/jeff/python/10_demo/v1/frames_step1/blurred_frames/000349.jpg
000350.jpg,16.9358,/Users/jeff/python/10_demo/v1/frames_step1/blurred_frames/000350.jpg
000351.jpg,18.5956,/Users/jeff/python/10_demo/v1/frames_step1/blurred_frames/000351.jpg
000352.jpg,18.7587,/Users/jeff/python/10_demo/v1/frames_step1/blurred_frames/000352.jpg
000353.jpg,19.7403,/Users/jeff/python/10_demo/v1/frames_step1/blurred_frames/000353.jpg
000354.jpg,23.1257,/Users/jeff/python/10_demo/v1/frames_step1/blurred_frames/000354.jpg
000355.jpg,29.0957,/Users/jeff/python/10_demo/v1/frames_step1/blurred_frames/000355.jpg
000356.jpg,33.8786,/Users/jeff/python/10_demo/v1/frames_step1/blurred_frames/000356.jpg
000357.jpg,33.5488,/Users/jeff/python/10_demo/v1/frames_step1/blurred_frames/000357.jpg
000358.jpg,39.8245,/Users/jeff/python/10_demo/v1/frames_step1/blurred_frames/000358.jpg
000359.jpg,39.7268,/Users/jeff/python/10_demo/v1/frames_step1/blurred_frames/000359.jpg
000360.jpg,49.7370,/Users/jeff/python/10_demo/v1/frames_step1/blurred_frames/000360.jpg
000361.jpg,53.0137,/Users/jeff/python/10_demo/v1/frames_step1/blurred_frames/000361.jpg
000362.jpg,56.4815,/Users/jeff/python/10_demo/v1/frames_step1/blurred_frames/000362.jpg
000363.jpg,57.0088,/Users/jeff/python/10_demo/v1/frames_step1/blurred_frames/000363.jpg
000364.jpg,60.7580,/Users/jeff/python/10_demo/v1/frames_step1/blurred_frames/000364.jpg
000365.jpg,58.9584,/Users/jeff/python/10_demo/v1/frames_step1/blurred_frames/000365.jpg
000366.jpg,61.6470,/Users/jeff/python/10_demo/v1/frames_step1/blurred_frames/000366.jpg
000367.jpg,61.5493,/Users/jeff/python/10_demo/v1/frames_step1/blurred_frames/000367.jpg
000368.jpg,62.6473,/Users/jeff/python/10_demo/v1/frames_step1/blurred_frames/000368.jpg
000369.jpg,61.8950,/Users/jeff/python/10_demo/v1/frames_step1/blurred_frames/000369.jpg
000370.jpg,62.9240,/Users/jeff/python/10_demo/v1/frames_step1/blurred_frames/000370.jpg
000371.jpg,63.9616,/Users/jeff/python/10_demo/v1/frames_step1/blurred_frames/000371.jpg
000372.jpg,63.1143,/Users/jeff/python/10_demo/v1/frames_step1/blurred_frames/000372.jpg
000373.jpg,62.8932,/Users/jeff/python/10_demo/v1/frames_step1/blurred_frames/000373.jpg
000374.jpg,63.4464,/Users/jeff/python/10_demo/v1/frames_step1/blurred_frames/000374.jpg
000375.jpg,61.3071,/Users/jeff/python/10_demo/v1/frames_step1/blurred_frames/000375.jpg
000376.jpg,62.4365,/Users/jeff/python/10_demo/v1/frames_step1/blurred_frames/000376.jpg
000377.jpg,60.9238,/Users/jeff/python/10_demo/v1/frames_step1/blurred_frames/000377.jpg
000378.jpg,62.1249,/Users/jeff/python/10_demo/v1/frames_step1/blurred_frames/000378.jpg
000379.jpg,61.1247,/Users/jeff/python/10_demo/v1/frames_step1/blurred_frames/000379.jpg
000380.jpg,61.7507,/Users/jeff/python/10_demo/v1/frames_step1/blurred_frames/000380.jpg
000381.jpg,62.4000,/Users/jeff/python/10_demo/v1/frames_step1/blurred_frames/000381.jpg
000382.jpg,61.6553,/Users/jeff/python/10_demo/v1/frames_step1/blurred_frames/000382.jpg
000383.jpg,60.9915,/Users/jeff/python/10_demo/v1/frames_step1/blurred_frames/000383.jpg
000384.jpg,62.0325,/Users/jeff/python/10_demo/v1/frames_step1/blurred_frames/000384.jpg
000385.jpg,60.4638,/Users/jeff/python/10_demo/v1/frames_step1/blurred_frames/000385.jpg
000386.jpg,60.5940,/Users/jeff/python/10_demo/v1/frames_step1/blurred_frames/000386.jpg
000387.jpg,61.6562,/Users/jeff/python/10_demo/v1/frames_step1/blurred_frames/000387.jpg
000388.jpg,60.3829,/Users/jeff/python/10_demo/v1/frames_step1/blurred_frames/000388.jpg
000389.jpg,60.8454,/Users/jeff/python/10_demo/v1/frames_step1/blurred_frames/000389.jpg
000390.jpg,61.6775,/Users/jeff/python/10_demo/v1/frames_step1/blurred_frames/000390.jpg
000391.jpg,61.6779,/Users/jeff/python/10_demo/v1/frames_step1/blurred_frames/000391.jpg
000392.jpg,24.8232,/Users/jeff/python/10_demo/v1/frames_step1/blurred_frames/000392.jpg
000393.jpg,12.7464,/Users/jeff/python/10_demo/v1/frames_step1/blurred_frames/000393.jpg
000394.jpg,8.4058,/Users/jeff/python/10_demo/v1/frames_step1/blurred_frames/000394.jpg
000395.jpg,6.1715,/Users/jeff/python/10_demo/v1/frames_step1/blurred_frames/000395.jpg
000396.jpg,5.0825,/Users/jeff/python/10_demo/v1/frames_step1/blurred_frames/000396.jpg
000397.jpg,5.1370,/Users/jeff/python/10_demo/v1/frames_step1/blurred_frames/000397.jpg
000398.jpg,5.3449,/Users/jeff/python/10_demo/v1/frames_step1/blurred_frames/000398.jpg
000399.jpg,5.6670,/Users/jeff/python/10_demo/v1/frames_step1/blurred_frames/000399.jpg
000400.jpg,6.3325,/Users/jeff/python/10_demo/v1/frames_step1/blurred_frames/000400.jpg
000401.jpg,7.5834,/Users/jeff/python/10_demo/v1/frames_step1/blurred_frames/000401.jpg
000402.jpg,9.3767,/Users/jeff/python/10_demo/v1/frames_step1/blurred_frames/000402.jpg
000403.jpg,12.9937,/Users/jeff/python/10_demo/v1/frames_step1/blurred_frames/000403.jpg
000404.jpg,18.0478,/Users/jeff/python/10_demo/v1/frames_step1/blurred_frames/000404.jpg
000405.jpg,27.2745,/Users/jeff/python/10_demo/v1/frames_step1/blurred_frames/000405.jpg
000406.jpg,64.7859,/Users/jeff/python/10_demo/v1/frames_step1/blurred_frames/000406.jpg
000407.jpg,63.5748,/Users/jeff/python/10_demo/v1/frames_step1/blurred_frames/000407.jpg
000408.jpg,61.5083,/Users/jeff/python/10_demo/v1/frames_step1/blurred_frames/000408.jpg
000409.jpg,66.2298,/Users/jeff/python/10_demo/v1/frames_step1/blurred_frames/000409.jpg
000410.jpg,60.2230,/Users/jeff/python/10_demo/v1/frames_step1/blurred_frames/000410.jpg
000411.jpg,62.9265,/Users/jeff/python/10_demo/v1/frames_step1/blurred_frames/000411.jpg
000412.jpg,64.6040,/Users/jeff/python/10_demo/v1/frames_step1/blurred_frames/000412.jpg
000413.jpg,60.8925,/Users/jeff/python/10_demo/v1/frames_step1/blurred_frames/000413.jpg
000414.jpg,62.7502,/Users/jeff/python/10_demo/v1/frames_step1/blurred_frames/000414.jpg
000415.jpg,62.1901,/Users/jeff/python/10_demo/v1/frames_step1/blurred_frames/000415.jpg
000416.jpg,61.6871,/Users/jeff/python/10_demo/v1/frames_step1/blurred_frames/000416.jpg
000417.jpg,61.9939,/Users/jeff/python/10_demo/v1/frames_step1/blurred_frames/000417.jpg
000418.jpg,67.3064,/Users/jeff/python/10_demo/v1/frames_step1/blurred_frames/000418.jpg
000419.jpg,68.0452,/Users/jeff/python/10_demo/v1/frames_step1/blurred_frames/000419.jpg
000420.jpg,68.8029,/Users/jeff/python/10_demo/v1/frames_step1/blurred_frames/000420.jpg
000421.jpg,71.4125,/Users/jeff/python/10_demo/v1/frames_step1/blurred_frames/000421.jpg
000422.jpg,74.4649,/Users/jeff/python/10_demo/v1/frames_step1/blurred_frames/000422.jpg
000423.jpg,74.6896,/Users/jeff/python/10_demo/v1/frames_step1/blurred_frames/000423.jpg
000424.jpg,76.3198,/Users/jeff/python/10_demo/v1/frames_step1/blurred_frames/000424.jpg
000425.jpg,76.2015,/Users/jeff/python/10_demo/v1/frames_step1/blurred_frames/000425.jpg
000426.jpg,75.3929,/Users/jeff/python/10_demo/v1/frames_step1/blurred_frames/000426.jpg
000427.jpg,77.1480,/Users/jeff/python/10_demo/v1/frames_step1/blurred_frames/000427.jpg
000428.jpg,76.7354,/Users/jeff/python/10_demo/v1/frames_step1/blurred_frames/000428.jpg
000429.jpg,75.6519,/Users/jeff/python/10_demo/v1/frames_step1/blurred_frames/000429.jpg
000430.jpg,76.9367,/Users/jeff/python/10_demo/v1/frames_step1/blurred_frames/000430.jpg
000431.jpg,75.9532,/Users/jeff/python/10_demo/v1/frames_step1/blurred_frames/000431.jpg
000432.jpg,77.1800,/Users/jeff/python/10_demo/v1/frames_step1/blurred_frames/000432.jpg
000433.jpg,76.2769,/Users/jeff/python/10_demo/v1/frames_step1/blurred_frames/000433.jpg
000434.jpg,76.6761,/Users/jeff/python/10_demo/v1/frames_step1/blurred_frames/000434.jpg
000435.jpg,77.5420,/Users/jeff/python/10_demo/v1/frames_step1/blurred_frames/000435.jpg
000436.jpg,76.2128,/Users/jeff/python/10_demo/v1/frames_step1/blurred_frames/000436.jpg
000437.jpg,77.3641,/Users/jeff/python/10_demo/v1/frames_step1/blurred_frames/000437.jpg
000438.jpg,76.4009,/Users/jeff/python/10_demo/v1/frames_step1/blurred_frames/000438.jpg
000439.jpg,77.5969,/Users/jeff/python/10_demo/v1/frames_step1/blurred_frames/000439.jpg
000440.jpg,77.6050,/Users/jeff/python/10_demo/v1/frames_step1/blurred_frames/000440.jpg
000441.jpg,76.6535,/Users/jeff/python/10_demo/v1/frames_step1/blurred_frames/000441.jpg
000442.jpg,77.4829,/Users/jeff/python/10_demo/v1/frames_step1/blurred_frames/000442.jpg
000443.jpg,76.7988,/Users/jeff/python/10_demo/v1/frames_step1/blurred_frames/000443.jpg
000444.jpg,77.3747,/Users/jeff/python/10_demo/v1/frames_step1/blurred_frames/000444.jpg
000445.jpg,76.6619,/Users/jeff/python/10_demo/v1/frames_step1/blurred_frames/000445.jpg
000446.jpg,77.3129,/Users/jeff/python/10_demo/v1/frames_step1/blurred_frames/000446.jpg
000447.jpg,76.5679,/Users/jeff/python/10_demo/v1/frames_step1/blurred_frames/000447.jpg
000448.jpg,77.2927,/Users/jeff/python/10_demo/v1/frames_step1/blurred_frames/000448.jpg
000449.jpg,76.7220,/Users/jeff/python/10_demo/v1/frames_step1/blurred_frames/000449.jpg
000450.jpg,76.5865,/Users/jeff/python/10_demo/v1/frames_step1/blurred_frames/000450.jpg
000451.jpg,77.1601,/Users/jeff/python/10_demo/v1/frames_step1/blurred_frames/000451.jpg
000452.jpg,76.7405,/Users/jeff/python/10_demo/v1/frames_step1/blurred_frames/000452.jpg
000453.jpg,70.3970,/Users/jeff/python/10_demo/v1/frames_step1/blurred_frames/000453.jpg
000454.jpg,59.3321,/Users/jeff/python/10_demo/v1/frames_step1/blurred_frames/000454.jpg
000455.jpg,41.0554,/Users/jeff/python/10_demo/v1/frames_step1/blurred_frames/000455.jpg
000456.jpg,33.2612,/Users/jeff/python/10_demo/v1/frames_step1/blurred_frames/000456.jpg
000457.jpg,30.5443,/Users/jeff/python/10_demo/v1/frames_step1/blurred_frames/000457.jpg
000458.jpg,24.0757,/Users/jeff/python/10_demo/v1/frames_step1/blurred_frames/000458.jpg
000459.jpg,19.9844,/Users/jeff/python/10_demo/v1/frames_step1/blurred_frames/000459.jpg
000460.jpg,17.3455,/Users/jeff/python/10_demo/v1/frames_step1/blurred_frames/000460.jpg
000461.jpg,16.7532,/Users/jeff/python/10_demo/v1/frames_step1/blurred_frames/000461.jpg
000462.jpg,17.9149,/Users/jeff/python/10_demo/v1/frames_step1/blurred_frames/000462.jpg
000463.jpg,15.9199,/Users/jeff/python/10_demo/v1/frames_step1/blurred_frames/000463.jpg
000464.jpg,15.9189,/Users/jeff/python/10_demo/v1/frames_step1/blurred_frames/000464.jpg
000465.jpg,11.2741,/Users/jeff/python/10_demo/v1/frames_step1/blurred_frames/000465.jpg
000466.jpg,6.1162,/Users/jeff/python/10_demo/v1/frames_step1/blurred_frames/000466.jpg
000467.jpg,9.1592,/Users/jeff/python/10_demo/v1/frames_step1/blurred_frames/000467.jpg
000468.jpg,10.6058,/Users/jeff/python/10_demo/v1/frames_step1/blurred_frames/000468.jpg
000469.jpg,9.3454,/Users/jeff/python/10_demo/v1/frames_step1/blurred_frames/000469.jpg
000470.jpg,12.2522,/Users/jeff/python/10_demo/v1/frames_step1/blurred_frames/000470.jpg
000471.jpg,11.2005,/Users/jeff/python/10_demo/v1/frames_step1/blurred_frames/000471.jpg
000472.jpg,12.2142,/Users/jeff/python/10_demo/v1/frames_step1/blurred_frames/000472.jpg
000473.jpg,11.5850,/Users/jeff/python/10_demo/v1/frames_step1/blurred_frames/000473.jpg
000474.jpg,13.8485,/Users/jeff/python/10_demo/v1/frames_step1/blurred_frames/000474.jpg
000475.jpg,12.0853,/Users/jeff/python/10_demo/v1/frames_step1/blurred_frames/000475.jpg
000476.jpg,13.0027,/Users/jeff/python/10_demo/v1/frames_step1/blurred_frames/000476.jpg
000477.jpg,14.3883,/Users/jeff/python/10_demo/v1/frames_step1/blurred_frames/000477.jpg
000478.jpg,12.0775,/Users/jeff/python/10_demo/v1/frames_step1/blurred_frames/000478.jpg
000479.jpg,12.2962,/Users/jeff/python/10_demo/v1/frames_step1/blurred_frames/000479.jpg
000480.jpg,14.6346,/Users/jeff/python/10_demo/v1/frames_step1/blurred_frames/000480.jpg
000481.jpg,11.9319,/Users/jeff/python/10_demo/v1/frames_step1/blurred_frames/000481.jpg
000482.jpg,15.3575,/Users/jeff/python/10_demo/v1/frames_step1/blurred_frames/000482.jpg
000483.jpg,13.6677,/Users/jeff/python/10_demo/v1/frames_step1/blurred_frames/000483.jpg
000484.jpg,15.6010,/Users/jeff/python/10_demo/v1/frames_step1/blurred_frames/000484.jpg
000485.jpg,13.0574,/Users/jeff/python/10_demo/v1/frames_step1/blurred_frames/000485.jpg
000486.jpg,15.3014,/Users/jeff/python/10_demo/v1/frames_step1/blurred_frames/000486.jpg
000487.jpg,13.1209,/Users/jeff/python/10_demo/v1/frames_step1/blurred_frames/000487.jpg
000488.jpg,14.8437,/Users/jeff/python/10_demo/v1/frames_step1/blurred_frames/000488.jpg
000489.jpg,14.8606,/Users/jeff/python/10_demo/v1/frames_step1/blurred_frames/000489.jpg
000490.jpg,12.6840,/Users/jeff/python/10_demo/v1/frames_step1/blurred_frames/000490.jpg
000491.jpg,14.4659,/Users/jeff/python/10_demo/v1/frames_step1/blurred_frames/000491.jpg
000492.jpg,13.0808,/Users/jeff/python/10_demo/v1/frames_step1/blurred_frames/000492.jpg
000493.jpg,15.1656,/Users/jeff/python/10_demo/v1/frames_step1/blurred_frames/000493.jpg
000494.jpg,13.9463,/Users/jeff/python/10_demo/v1/frames_step1/blurred_frames/000494.jpg
000495.jpg,13.9420,/Users/jeff/python/10_demo/v1/frames_step1/blurred_frames/000495.jpg
000496.jpg,15.2522,/Users/jeff/python/10_demo/v1/frames_step1/blurred_frames/000496.jpg
000497.jpg,13.7116,/Users/jeff/python/10_demo/v1/frames_step1/blurred_frames/000497.jpg
000498.jpg,13.3171,/Users/jeff/python/10_demo/v1/frames_step1/blurred_frames/000498.jpg
000499.jpg,14.9940,/Users/jeff/python/10_demo/v1/frames_step1/blurred_frames/000499.jpg
000500.jpg,13.4205,/Users/jeff/python/10_demo/v1/frames_step1/blurred_frames/000500.jpg
000501.jpg,13.7968,/Users/jeff/python/10_demo/v1/frames_step1/blurred_frames/000501.jpg
000502.jpg,14.8667,/Users/jeff/python/10_demo/v1/frames_step1/blurred_frames/000502.jpg
000503.jpg,13.3919,/Users/jeff/python/10_demo/v1/frames_step1/blurred_frames/000503.jpg
000504.jpg,13.9688,/Users/jeff/python/10_demo/v1/frames_step1/blurred_frames/000504.jpg
000505.jpg,15.6329,/Users/jeff/python/10_demo/v1/frames_step1/blurred_frames/000505.jpg
000506.jpg,13.7185,/Users/jeff/python/10_demo/v1/frames_step1/blurred_frames/000506.jpg
000507.jpg,15.7312,/Users/jeff/python/10_demo/v1/frames_step1/blurred_frames/000507.jpg
000508.jpg,14.0864,/Users/jeff/python/10_demo/v1/frames_step1/blurred_frames/000508.jpg
000509.jpg,14.9952,/Users/jeff/python/10_demo/v1/frames_step1/blurred_frames/000509.jpg
000510.jpg,13.3461,/Users/jeff/python/10_demo/v1/frames_step1/blurred_frames/000510.jpg
000511.jpg,13.2169,/Users/jeff/python/10_demo/v1/frames_step1/blurred_frames/000511.jpg
000512.jpg,15.1261,/Users/jeff/python/10_demo/v1/frames_step1/blurred_frames/000512.jpg
000513.jpg,15.1271,/Users/jeff/python/10_demo/v1/frames_step1/blurred_frames/000513.jpg
000514.jpg,13.6352,/Users/jeff/python/10_demo/v1/frames_step1/blurred_frames/000514.jpg
000515.jpg,12.3863,/Users/jeff/python/10_demo/v1/frames_step1/blurred_frames/000515.jpg
000516.jpg,14.2743,/Users/jeff/python/10_demo/v1/frames_step1/blurred_frames/000516.jpg
000517.jpg,12.0095,/Users/jeff/python/10_demo/v1/frames_step1/blurred_frames/000517.jpg
000518.jpg,14.3103,/Users/jeff/python/10_demo/v1/frames_step1/blurred_frames/000518.jpg
000519.jpg,11.9908,/Users/jeff/python/10_demo/v1/frames_step1/blurred_frames/000519.jpg
000520.jpg,13.8579,/Users/jeff/python/10_demo/v1/frames_step1/blurred_frames/000520.jpg
000521.jpg,10.6009,/Users/jeff/python/10_demo/v1/frames_step1/blurred_frames/000521.jpg
000522.jpg,9.1597,/Users/jeff/python/10_demo/v1/frames_step1/blurred_frames/000522.jpg
000523.jpg,7.9671,/Users/jeff/python/10_demo/v1/frames_step1/blurred_frames/000523.jpg
000524.jpg,6.8249,/Users/jeff/python/10_demo/v1/frames_step1/blurred_frames/000524.jpg
000525.jpg,5.9471,/Users/jeff/python/10_demo/v1/frames_step1/blurred_frames/000525.jpg
000526.jpg,5.4152,/Users/jeff/python/10_demo/v1/frames_step1/blurred_frames/000526.jpg
000527.jpg,5.3732,/Users/jeff/python/10_demo/v1/frames_step1/blurred_frames/000527.jpg
000528.jpg,5.7690,/Users/jeff/python/10_demo/v1/frames_step1/blurred_frames/000528.jpg
000529.jpg,6.6326,/Users/jeff/python/10_demo/v1/frames_step1/blurred_frames/000529.jpg
000530.jpg,7.4368,/Users/jeff/python/10_demo/v1/frames_step1/blurred_frames/000530.jpg
000531.jpg,6.6263,/Users/jeff/python/10_demo/v1/frames_step1/blurred_frames/000531.jpg
000532.jpg,5.8747,/Users/jeff/python/10_demo/v1/frames_step1/blurred_frames/000532.jpg
000533.jpg,5.6074,/Users/jeff/python/10_demo/v1/frames_step1/blurred_frames/000533.jpg
000534.jpg,5.3001,/Users/jeff/python/10_demo/v1/frames_step1/blurred_frames/000534.jpg
000535.jpg,4.6128,/Users/jeff/python/10_demo/v1/frames_step1/blurred_frames/000535.jpg
000536.jpg,4.5054,/Users/jeff/python/10_demo/v1/frames_step1/blurred_frames/000536.jpg
000537.jpg,5.8650,/Users/jeff/python/10_demo/v1/frames_step1/blurred_frames/000537.jpg
000538.jpg,5.8652,/Users/jeff/python/10_demo/v1/frames_step1/blurred_frames/000538.jpg
000539.jpg,9.3072,/Users/jeff/python/10_demo/v1/frames_step1/blurred_frames/000539.jpg
000540.jpg,8.9439,/Users/jeff/python/10_demo/v1/frames_step1/blurred_frames/000540.jpg
000541.jpg,9.7818,/Users/jeff/python/10_demo/v1/frames_step1/blurred_frames/000541.jpg
000542.jpg,9.1718,/Users/jeff/python/10_demo/v1/frames_step1/blurred_frames/000542.jpg
000543.jpg,9.4935,/Users/jeff/python/10_demo/v1/frames_step1/blurred_frames/000543.jpg
000544.jpg,8.5816,/Users/jeff/python/10_demo/v1/frames_step1/blurred_frames/000544.jpg
000545.jpg,8.2614,/Users/jeff/python/10_demo/v1/frames_step1/blurred_frames/000545.jpg
000546.jpg,8.1143,/Users/jeff/python/10_demo/v1/frames_step1/blurred_frames/000546.jpg
000547.jpg,7.8501,/Users/jeff/python/10_demo/v1/frames_step1/blurred_frames/000547.jpg
000548.jpg,7.8101,/Users/jeff/python/10_demo/v1/frames_step1/blurred_frames/000548.jpg
000549.jpg,8.2557,/Users/jeff/python/10_demo/v1/frames_step1/blurred_frames/000549.jpg
000550.jpg,9.6685,/Users/jeff/python/10_demo/v1/frames_step1/blurred_frames/000550.jpg
000551.jpg,14.8438,/Users/jeff/python/10_demo/v1/frames_step1/blurred_frames/000551.jpg
000552.jpg,15.6835,/Users/jeff/python/10_demo/v1/frames_step1/blurred_frames/000552.jpg
000553.jpg,16.2525,/Users/jeff/python/10_demo/v1/frames_step1/blurred_frames/000553.jpg
000554.jpg,14.8717,/Users/jeff/python/10_demo/v1/frames_step1/blurred_frames/000554.jpg
000555.jpg,14.6091,/Users/jeff/python/10_demo/v1/frames_step1/blurred_frames/000555.jpg
000556.jpg,15.4808,/Users/jeff/python/10_demo/v1/frames_step1/blurred_frames/000556.jpg
000557.jpg,14.5276,/Users/jeff/python/10_demo/v1/frames_step1/blurred_frames/000557.jpg
000558.jpg,14.4695,/Users/jeff/python/10_demo/v1/frames_step1/blurred_frames/000558.jpg
000559.jpg,15.2193,/Users/jeff/python/10_demo/v1/frames_step1/blurred_frames/000559.jpg
000560.jpg,14.0898,/Users/jeff/python/10_demo/v1/frames_step1/blurred_frames/000560.jpg
000561.jpg,15.0569,/Users/jeff/python/10_demo/v1/frames_step1/blurred_frames/000561.jpg
000562.jpg,14.9030,/Users/jeff/python/10_demo/v1/frames_step1/blurred_frames/000562.jpg
000563.jpg,14.0987,/Users/jeff/python/10_demo/v1/frames_step1/blurred_frames/000563.jpg
000564.jpg,14.8186,/Users/jeff/python/10_demo/v1/frames_step1/blurred_frames/000564.jpg
000565.jpg,14.0247,/Users/jeff/python/10_demo/v1/frames_step1/blurred_frames/000565.jpg
000566.jpg,14.9988,/Users/jeff/python/10_demo/v1/frames_step1/blurred_frames/000566.jpg
000567.jpg,13.4688,/Users/jeff/python/10_demo/v1/frames_step1/blurred_frames/000567.jpg
000568.jpg,15.9261,/Users/jeff/python/10_demo/v1/frames_step1/blurred_frames/000568.jpg
000569.jpg,15.2070,/Users/jeff/python/10_demo/v1/frames_step1/blurred_frames/000569.jpg
000570.jpg,16.8616,/Users/jeff/python/10_demo/v1/frames_step1/blurred_frames/000570.jpg
000571.jpg,15.6576,/Users/jeff/python/10_demo/v1/frames_step1/blurred_frames/000571.jpg
000572.jpg,15.3778,/Users/jeff/python/10_demo/v1/frames_step1/blurred_frames/000572.jpg
000573.jpg,16.5675,/Users/jeff/python/10_demo/v1/frames_step1/blurred_frames/000573.jpg
000574.jpg,15.6122,/Users/jeff/python/10_demo/v1/frames_step1/blurred_frames/000574.jpg
000575.jpg,15.5147,/Users/jeff/python/10_demo/v1/frames_step1/blurred_frames/000575.jpg
000576.jpg,16.2630,/Users/jeff/python/10_demo/v1/frames_step1/blurred_frames/000576.jpg
000577.jpg,14.4663,/Users/jeff/python/10_demo/v1/frames_step1/blurred_frames/000577.jpg
000578.jpg,14.6109,/Users/jeff/python/10_demo/v1/frames_step1/blurred_frames/000578.jpg
000579.jpg,15.9590,/Users/jeff/python/10_demo/v1/frames_step1/blurred_frames/000579.jpg
000580.jpg,14.7782,/Users/jeff/python/10_demo/v1/frames_step1/blurred_frames/000580.jpg
000581.jpg,15.6547,/Users/jeff/python/10_demo/v1/frames_step1/blurred_frames/000581.jpg
000582.jpg,14.5483,/Users/jeff/python/10_demo/v1/frames_step1/blurred_frames/000582.jpg
000583.jpg,15.7470,/Users/jeff/python/10_demo/v1/frames_step1/blurred_frames/000583.jpg
000584.jpg,14.8534,/Users/jeff/python/10_demo/v1/frames_step1/blurred_frames/000584.jpg
000585.jpg,16.1782,/Users/jeff/python/10_demo/v1/frames_step1/blurred_frames/000585.jpg
000586.jpg,16.2105,/Users/jeff/python/10_demo/v1/frames_step1/blurred_frames/000586.jpg
000587.jpg,15.3022,/Users/jeff/python/10_demo/v1/frames_step1/blurred_frames/000587.jpg
000588.jpg,14.8242,/Users/jeff/python/10_demo/v1/frames_step1/blurred_frames/000588.jpg
000589.jpg,15.8329,/Users/jeff/python/10_demo/v1/frames_step1/blurred_frames/000589.jpg
000590.jpg,14.6219,/Users/jeff/python/10_demo/v1/frames_step1/blurred_frames/000590.jpg
000591.jpg,14.6536,/Users/jeff/python/10_demo/v1/frames_step1/blurred_frames/000591.jpg
000592.jpg,15.6966,/Users/jeff/python/10_demo/v1/frames_step1/blurred_frames/000592.jpg
000593.jpg,14.3616,/Users/jeff/python/10_demo/v1/frames_step1/blurred_frames/000593.jpg
000594.jpg,14.5737,/Users/jeff/python/10_demo/v1/frames_step1/blurred_frames/000594.jpg
000595.jpg,15.4013,/Users/jeff/python/10_demo/v1/frames_step1/blurred_frames/000595.jpg
000596.jpg,14.0396,/Users/jeff/python/10_demo/v1/frames_step1/blurred_frames/000596.jpg
000597.jpg,14.9836,/Users/jeff/python/10_demo/v1/frames_step1/blurred_frames/000597.jpg
000598.jpg,14.0877,/Users/jeff/python/10_demo/v1/frames_step1/blurred_frames/000598.jpg
000599.jpg,14.6255,/Users/jeff/python/10_demo/v1/frames_step1/blurred_frames/000599.jpg
000600.jpg,15.2966,/Users/jeff/python/10_demo/v1/frames_step1/blurred_frames/000600.jpg
000601.jpg,14.5547,/Users/jeff/python/10_demo/v1/frames_step1/blurred_frames/000601.jpg
000602.jpg,26.7896,/Users/jeff/python/10_demo/v1/frames_step1/blurred_frames/000602.jpg
000603.jpg,26.9924,/Users/jeff/python/10_demo/v1/frames_step1/blurred_frames/000603.jpg
000604.jpg,18.3436,/Users/jeff/python/10_demo/v1/frames_step1/blurred_frames/000604.jpg
000605.jpg,24.6216,/Users/jeff/python/10_demo/v1/frames_step1/blurred_frames/000605.jpg
000606.jpg,22.2796,/Users/jeff/python/10_demo/v1/frames_step1/blurred_frames/000606.jpg
000607.jpg,27.0585,/Users/jeff/python/10_demo/v1/frames_step1/blurred_frames/000607.jpg
000608.jpg,25.8225,/Users/jeff/python/10_demo/v1/frames_step1/blurred_frames/000608.jpg
000609.jpg,28.4389,/Users/jeff/python/10_demo/v1/frames_step1/blurred_frames/000609.jpg
000610.jpg,32.6722,/Users/jeff/python/10_demo/v1/frames_step1/blurred_frames/000610.jpg
000611.jpg,32.7044,/Users/jeff/python/10_demo/v1/frames_step1/blurred_frames/000611.jpg
000612.jpg,29.0989,/Users/jeff/python/10_demo/v1/frames_step1/blurred_frames/000612.jpg
000613.jpg,30.5346,/Users/jeff/python/10_demo/v1/frames_step1/blurred_frames/000613.jpg
000614.jpg,34.3095,/Users/jeff/python/10_demo/v1/frames_step1/blurred_frames/000614.jpg
000615.jpg,33.7535,/Users/jeff/python/10_demo/v1/frames_step1/blurred_frames/000615.jpg
000616.jpg,30.6172,/Users/jeff/python/10_demo/v1/frames_step1/blurred_frames/000616.jpg
000617.jpg,34.4200,/Users/jeff/python/10_demo/v1/frames_step1/blurred_frames/000617.jpg
000618.jpg,32.7847,/Users/jeff/python/10_demo/v1/frames_step1/blurred_frames/000618.jpg
000619.jpg,34.1165,/Users/jeff/python/10_demo/v1/frames_step1/blurred_frames/000619.jpg
000620.jpg,31.9671,/Users/jeff/python/10_demo/v1/frames_step1/blurred_frames/000620.jpg
000621.jpg,32.8163,/Users/jeff/python/10_demo/v1/frames_step1/blurred_frames/000621.jpg
000622.jpg,34.0328,/Users/jeff/python/10_demo/v1/frames_step1/blurred_frames/000622.jpg
000623.jpg,32.3142,/Users/jeff/python/10_demo/v1/frames_step1/blurred_frames/000623.jpg
000624.jpg,32.1615,/Users/jeff/python/10_demo/v1/frames_step1/blurred_frames/000624.jpg
000625.jpg,33.9457,/Users/jeff/python/10_demo/v1/frames_step1/blurred_frames/000625.jpg
000626.jpg,32.7660,/Users/jeff/python/10_demo/v1/frames_step1/blurred_frames/000626.jpg
000627.jpg,33.0161,/Users/jeff/python/10_demo/v1/frames_step1/blurred_frames/000627.jpg
000628.jpg,33.8432,/Users/jeff/python/10_demo/v1/frames_step1/blurred_frames/000628.jpg
000629.jpg,32.5479,/Users/jeff/python/10_demo/v1/frames_step1/blurred_frames/000629.jpg
000630.jpg,32.3219,/Users/jeff/python/10_demo/v1/frames_step1/blurred_frames/000630.jpg
000631.jpg,33.6304,/Users/jeff/python/10_demo/v1/frames_step1/blurred_frames/000631.jpg
000632.jpg,32.0881,/Users/jeff/python/10_demo/v1/frames_step1/blurred_frames/000632.jpg
000633.jpg,31.6895,/Users/jeff/python/10_demo/v1/frames_step1/blurred_frames/000633.jpg
000634.jpg,33.5552,/Users/jeff/python/10_demo/v1/frames_step1/blurred_frames/000634.jpg
000635.jpg,33.5505,/Users/jeff/python/10_demo/v1/frames_step1/blurred_frames/000635.jpg
000636.jpg,31.9502,/Users/jeff/python/10_demo/v1/frames_step1/blurred_frames/000636.jpg
000637.jpg,32.1409,/Users/jeff/python/10_demo/v1/frames_step1/blurred_frames/000637.jpg
000638.jpg,32.6338,/Users/jeff/python/10_demo/v1/frames_step1/blurred_frames/000638.jpg
000639.jpg,28.1903,/Users/jeff/python/10_demo/v1/frames_step1/blurred_frames/000639.jpg
000640.jpg,26.3836,/Users/jeff/python/10_demo/v1/frames_step1/blurred_frames/000640.jpg
000641.jpg,28.2362,/Users/jeff/python/10_demo/v1/frames_step1/blurred_frames/000641.jpg
000642.jpg,25.0686,/Users/jeff/python/10_demo/v1/frames_step1/blurred_frames/000642.jpg
000643.jpg,26.5188,/Users/jeff/python/10_demo/v1/frames_step1/blurred_frames/000643.jpg
000644.jpg,23.9192,/Users/jeff/python/10_demo/v1/frames_step1/blurred_frames/000644.jpg
000645.jpg,24.7483,/Users/jeff/python/10_demo/v1/frames_step1/blurred_frames/000645.jpg
000646.jpg,23.3644,/Users/jeff/python/10_demo/v1/frames_step1/blurred_frames/000646.jpg
000681.jpg,79.5719,/Users/jeff/python/10_demo/v1/frames_step1/blurred_frames/000681.jpg
000682.jpg,79.0952,/Users/jeff/python/10_demo/v1/frames_step1/blurred_frames/000682.jpg
000683.jpg,79.9156,/Users/jeff/python/10_demo/v1/frames_step1/blurred_frames/000683.jpg
000684.jpg,79.7924,/Users/jeff/python/10_demo/v1/frames_step1/blurred_frames/000684.jpg
000685.jpg,78.2963,/Users/jeff/python/10_demo/v1/frames_step1/blurred_frames/000685.jpg
000686.jpg,79.2754,/Users/jeff/python/10_demo/v1/frames_step1/blurred_frames/000686.jpg
000687.jpg,77.9695,/Users/jeff/python/10_demo/v1/frames_step1/blurred_frames/000687.jpg
000688.jpg,78.5190,/Users/jeff/python/10_demo/v1/frames_step1/blurred_frames/000688.jpg
000689.jpg,78.8904,/Users/jeff/python/10_demo/v1/frames_step1/blurred_frames/000689.jpg
000690.jpg,78.3387,/Users/jeff/python/10_demo/v1/frames_step1/blurred_frames/000690.jpg
000691.jpg,78.3385,/Users/jeff/python/10_demo/v1/frames_step1/blurred_frames/000691.jpg
000692.jpg,78.6060,/Users/jeff/python/10_demo/v1/frames_step1/blurred_frames/000692.jpg
000693.jpg,78.0730,/Users/jeff/python/10_demo/v1/frames_step1/blurred_frames/000693.jpg
000694.jpg,78.7236,/Users/jeff/python/10_demo/v1/frames_step1/blurred_frames/000694.jpg
000695.jpg,73.7019,/Users/jeff/python/10_demo/v1/frames_step1/blurred_frames/000695.jpg
000696.jpg,70.7910,/Users/jeff/python/10_demo/v1/frames_step1/blurred_frames/000696.jpg
000697.jpg,69.1581,/Users/jeff/python/10_demo/v1/frames_step1/blurred_frames/000697.jpg
000698.jpg,67.2761,/Users/jeff/python/10_demo/v1/frames_step1/blurred_frames/000698.jpg
000699.jpg,57.4669,/Users/jeff/python/10_demo/v1/frames_step1/blurred_frames/000699.jpg
000700.jpg,55.6610,/Users/jeff/python/10_demo/v1/frames_step1/blurred_frames/000700.jpg
000701.jpg,57.5804,/Users/jeff/python/10_demo/v1/frames_step1/blurred_frames/000701.jpg
000702.jpg,60.6523,/Users/jeff/python/10_demo/v1/frames_step1/blurred_frames/000702.jpg
000703.jpg,65.7534,/Users/jeff/python/10_demo/v1/frames_step1/blurred_frames/000703.jpg
000704.jpg,77.7240,/Users/jeff/python/10_demo/v1/frames_step1/blurred_frames/000704.jpg
000705.jpg,78.6426,/Users/jeff/python/10_demo/v1/frames_step1/blurred_frames/000705.jpg
000706.jpg,79.5646,/Users/jeff/python/10_demo/v1/frames_step1/blurred_frames/000706.jpg
000726.jpg,77.6139,/Users/jeff/python/10_demo/v1/frames_step1/blurred_frames/000726.jpg
000728.jpg,77.8608,/Users/jeff/python/10_demo/v1/frames_step1/blurred_frames/000728.jpg
000729.jpg,78.0164,/Users/jeff/python/10_demo/v1/frames_step1/blurred_frames/000729.jpg
000730.jpg,66.6215,/Users/jeff/python/10_demo/v1/frames_step1/blurred_frames/000730.jpg
000731.jpg,56.7958,/Users/jeff/python/10_demo/v1/frames_step1/blurred_frames/000731.jpg
000732.jpg,59.6920,/Users/jeff/python/10_demo/v1/frames_step1/blurred_frames/000732.jpg
000733.jpg,59.6921,/Users/jeff/python/10_demo/v1/frames_step1/blurred_frames/000733.jpg
000734.jpg,61.3478,/Users/jeff/python/10_demo/v1/frames_step1/blurred_frames/000734.jpg
000735.jpg,62.5864,/Users/jeff/python/10_demo/v1/frames_step1/blurred_frames/000735.jpg
000736.jpg,65.8446,/Users/jeff/python/10_demo/v1/frames_step1/blurred_frames/000736.jpg
000737.jpg,69.1601,/Users/jeff/python/10_demo/v1/frames_step1/blurred_frames/000737.jpg
000738.jpg,66.2794,/Users/jeff/python/10_demo/v1/frames_step1/blurred_frames/000738.jpg
000739.jpg,66.8290,/Users/jeff/python/10_demo/v1/frames_step1/blurred_frames/000739.jpg
000740.jpg,72.6913,/Users/jeff/python/10_demo/v1/frames_step1/blurred_frames/000740.jpg
000741.jpg,79.6469,/Users/jeff/python/10_demo/v1/frames_step1/blurred_frames/000741.jpg
000800.jpg,37.6967,/Users/jeff/python/10_demo/v1/frames_step1/blurred_frames/000800.jpg
000801.jpg,36.2116,/Users/jeff/python/10_demo/v1/frames_step1/blurred_frames/000801.jpg
000802.jpg,36.8272,/Users/jeff/python/10_demo/v1/frames_step1/blurred_frames/000802.jpg
000803.jpg,35.7014,/Users/jeff/python/10_demo/v1/frames_step1/blurred_frames/000803.jpg
000804.jpg,35.9888,/Users/jeff/python/10_demo/v1/frames_step1/blurred_frames/000804.jpg
000805.jpg,36.4162,/Users/jeff/python/10_demo/v1/frames_step1/blurred_frames/000805.jpg
000806.jpg,36.2695,/Users/jeff/python/10_demo/v1/frames_step1/blurred_frames/000806.jpg
000807.jpg,35.2873,/Users/jeff/python/10_demo/v1/frames_step1/blurred_frames/000807.jpg
000808.jpg,36.1242,/Users/jeff/python/10_demo/v1/frames_step1/blurred_frames/000808.jpg
000809.jpg,35.1888,/Users/jeff/python/10_demo/v1/frames_step1/blurred_frames/000809.jpg
000810.jpg,35.3199,/Users/jeff/python/10_demo/v1/frames_step1/blurred_frames/000810.jpg
000859.jpg,52.7182,/Users/jeff/python/10_demo/v1/frames_step1/blurred_frames/000859.jpg
000860.jpg,52.9536,/Users/jeff/python/10_demo/v1/frames_step1/blurred_frames/000860.jpg
000861.jpg,53.9422,/Users/jeff/python/10_demo/v1/frames_step1/blurred_frames/000861.jpg
000862.jpg,55.3372,/Users/jeff/python/10_demo/v1/frames_step1/blurred_frames/000862.jpg
000863.jpg,56.2868,/Users/jeff/python/10_demo/v1/frames_step1/blurred_frames/000863.jpg
000864.jpg,54.7493,/Users/jeff/python/10_demo/v1/frames_step1/blurred_frames/000864.jpg
000865.jpg,54.0581,/Users/jeff/python/10_demo/v1/frames_step1/blurred_frames/000865.jpg
000866.jpg,55.7932,/Users/jeff/python/10_demo/v1/frames_step1/blurred_frames/000866.jpg
000867.jpg,54.7826,/Users/jeff/python/10_demo/v1/frames_step1/blurred_frames/000867.jpg
000868.jpg,55.5984,/Users/jeff/python/10_demo/v1/frames_step1/blurred_frames/000868.jpg
000869.jpg,57.4075,/Users/jeff/python/10_demo/v1/frames_step1/blurred_frames/000869.jpg
000870.jpg,58.6514,/Users/jeff/python/10_demo/v1/frames_step1/blurred_frames/000870.jpg
000871.jpg,62.2951,/Users/jeff/python/10_demo/v1/frames_step1/blurred_frames/000871.jpg
000872.jpg,63.5403,/Users/jeff/python/10_demo/v1/frames_step1/blurred_frames/000872.jpg
000873.jpg,61.9109,/Users/jeff/python/10_demo/v1/frames_step1/blurred_frames/000873.jpg
000874.jpg,61.4144,/Users/jeff/python/10_demo/v1/frames_step1/blurred_frames/000874.jpg
000875.jpg,62.3603,/Users/jeff/python/10_demo/v1/frames_step1/blurred_frames/000875.jpg
000876.jpg,18.5049,/Users/jeff/python/10_demo/v1/frames_step1/blurred_frames/000876.jpg
000877.jpg,18.0743,/Users/jeff/python/10_demo/v1/frames_step1/blurred_frames/000877.jpg
000878.jpg,19.4715,/Users/jeff/python/10_demo/v1/frames_step1/blurred_frames/000878.jpg
000879.jpg,19.4602,/Users/jeff/python/10_demo/v1/frames_step1/blurred_frames/000879.jpg
000880.jpg,9.7155,/Users/jeff/python/10_demo/v1/frames_step1/blurred_frames/000880.jpg
000881.jpg,9.8809,/Users/jeff/python/10_demo/v1/frames_step1/blurred_frames/000881.jpg
000882.jpg,9.9903,/Users/jeff/python/10_demo/v1/frames_step1/blurred_frames/000882.jpg
000883.jpg,10.0740,/Users/jeff/python/10_demo/v1/frames_step1/blurred_frames/000883.jpg
000884.jpg,10.3828,/Users/jeff/python/10_demo/v1/frames_step1/blurred_frames/000884.jpg
000885.jpg,10.3191,/Users/jeff/python/10_demo/v1/frames_step1/blurred_frames/000885.jpg
000886.jpg,10.4089,/Users/jeff/python/10_demo/v1/frames_step1/blurred_frames/000886.jpg
000887.jpg,17.4224,/Users/jeff/python/10_demo/v1/frames_step1/blurred_frames/000887.jpg
000888.jpg,17.2112,/Users/jeff/python/10_demo/v1/frames_step1/blurred_frames/000888.jpg
000889.jpg,16.7902,/Users/jeff/python/10_demo/v1/frames_step1/blurred_frames/000889.jpg
000890.jpg,17.2792,/Users/jeff/python/10_demo/v1/frames_step1/blurred_frames/000890.jpg
000891.jpg,17.0816,/Users/jeff/python/10_demo/v1/frames_step1/blurred_frames/000891.jpg
000892.jpg,16.9835,/Users/jeff/python/10_demo/v1/frames_step1/blurred_frames/000892.jpg
000893.jpg,17.0712,/Users/jeff/python/10_demo/v1/frames_step1/blurred_frames/000893.jpg
000894.jpg,17.2673,/Users/jeff/python/10_demo/v1/frames_step1/blurred_frames/000894.jpg
000895.jpg,16.7203,/Users/jeff/python/10_demo/v1/frames_step1/blurred_frames/000895.jpg
000896.jpg,16.4123,/Users/jeff/python/10_demo/v1/frames_step1/blurred_frames/000896.jpg
000897.jpg,16.9151,/Users/jeff/python/10_demo/v1/frames_step1/blurred_frames/000897.jpg
000898.jpg,16.7389,/Users/jeff/python/10_demo/v1/frames_step1/blurred_frames/000898.jpg
000899.jpg,13.8837,/Users/jeff/python/10_demo/v1/frames_step1/blurred_frames/000899.jpg
000900.jpg,14.0319,/Users/jeff/python/10_demo/v1/frames_step1/blurred_frames/000900.jpg
000901.jpg,13.7986,/Users/jeff/python/10_demo/v1/frames_step1/blurred_frames/000901.jpg
000902.jpg,13.9179,/Users/jeff/python/10_demo/v1/frames_step1/blurred_frames/000902.jpg
000903.jpg,14.0492,/Users/jeff/python/10_demo/v1/frames_step1/blurred_frames/000903.jpg
000904.jpg,14.0312,/Users/jeff/python/10_demo/v1/frames_step1/blurred_frames/000904.jpg
000905.jpg,13.9726,/Users/jeff/python/10_demo/v1/frames_step1/blurred_frames/000905.jpg
000906.jpg,17.5600,/Users/jeff/python/10_demo/v1/frames_step1/blurred_frames/000906.jpg
000907.jpg,17.4289,/Users/jeff/python/10_demo/v1/frames_step1/blurred_frames/000907.jpg
000908.jpg,17.1080,/Users/jeff/python/10_demo/v1/frames_step1/blurred_frames/000908.jpg
000909.jpg,17.4699,/Users/jeff/python/10_demo/v1/frames_step1/blurred_frames/000909.jpg
000910.jpg,17.2477,/Users/jeff/python/10_demo/v1/frames_step1/blurred_frames/000910.jpg
000911.jpg,17.3064,/Users/jeff/python/10_demo/v1/frames_step1/blurred_frames/000911.jpg
000912.jpg,17.3256,/Users/jeff/python/10_demo/v1/frames_step1/blurred_frames/000912.jpg
000913.jpg,17.2591,/Users/jeff/python/10_demo/v1/frames_step1/blurred_frames/000913.jpg
000914.jpg,7.3018,/Users/jeff/python/10_demo/v1/frames_step1/blurred_frames/000914.jpg
000915.jpg,7.0143,/Users/jeff/python/10_demo/v1/frames_step1/blurred_frames/000915.jpg
000916.jpg,6.3779,/Users/jeff/python/10_demo/v1/frames_step1/blurred_frames/000916.jpg
000917.jpg,5.8948,/Users/jeff/python/10_demo/v1/frames_step1/blurred_frames/000917.jpg
000918.jpg,6.2926,/Users/jeff/python/10_demo/v1/frames_step1/blurred_frames/000918.jpg
000919.jpg,5.5394,/Users/jeff/python/10_demo/v1/frames_step1/blurred_frames/000919.jpg
000920.jpg,6.4681,/Users/jeff/python/10_demo/v1/frames_step1/blurred_frames/000920.jpg
000921.jpg,5.8785,/Users/jeff/python/10_demo/v1/frames_step1/blurred_frames/000921.jpg
000922.jpg,6.9978,/Users/jeff/python/10_demo/v1/frames_step1/blurred_frames/000922.jpg
000923.jpg,7.1796,/Users/jeff/python/10_demo/v1/frames_step1/blurred_frames/000923.jpg
000924.jpg,7.0682,/Users/jeff/python/10_demo/v1/frames_step1/blurred_frames/000924.jpg
000925.jpg,6.4484,/Users/jeff/python/10_demo/v1/frames_step1/blurred_frames/000925.jpg
000926.jpg,7.2795,/Users/jeff/python/10_demo/v1/frames_step1/blurred_frames/000926.jpg
000927.jpg,7.6521,/Users/jeff/python/10_demo/v1/frames_step1/blurred_frames/000927.jpg
000928.jpg,7.6557,/Users/jeff/python/10_demo/v1/frames_step1/blurred_frames/000928.jpg
000929.jpg,6.5310,/Users/jeff/python/10_demo/v1/frames_step1/blurred_frames/000929.jpg
000930.jpg,7.0062,/Users/jeff/python/10_demo/v1/frames_step1/blurred_frames/000930.jpg
000931.jpg,7.7153,/Users/jeff/python/10_demo/v1/frames_step1/blurred_frames/000931.jpg
000932.jpg,6.7566,/Users/jeff/python/10_demo/v1/frames_step1/blurred_frames/000932.jpg
000933.jpg,7.9282,/Users/jeff/python/10_demo/v1/frames_step1/blurred_frames/000933.jpg
000934.jpg,6.6948,/Users/jeff/python/10_demo/v1/frames_step1/blurred_frames/000934.jpg
000935.jpg,7.1911,/Users/jeff/python/10_demo/v1/frames_step1/blurred_frames/000935.jpg
000936.jpg,7.8605,/Users/jeff/python/10_demo/v1/frames_step1/blurred_frames/000936.jpg
000937.jpg,7.4031,/Users/jeff/python/10_demo/v1/frames_step1/blurred_frames/000937.jpg
000938.jpg,7.5828,/Users/jeff/python/10_demo/v1/frames_step1/blurred_frames/000938.jpg
000939.jpg,7.1229,/Users/jeff/python/10_demo/v1/frames_step1/blurred_frames/000939.jpg
000940.jpg,7.1681,/Users/jeff/python/10_demo/v1/frames_step1/blurred_frames/000940.jpg
000941.jpg,7.3826,/Users/jeff/python/10_demo/v1/frames_step1/blurred_frames/000941.jpg
000942.jpg,7.1568,/Users/jeff/python/10_demo/v1/frames_step1/blurred_frames/000942.jpg
000943.jpg,15.4585,/Users/jeff/python/10_demo/v1/frames_step1/blurred_frames/000943.jpg
000944.jpg,14.9806,/Users/jeff/python/10_demo/v1/frames_step1/blurred_frames/000944.jpg
000945.jpg,15.2147,/Users/jeff/python/10_demo/v1/frames_step1/blurred_frames/000945.jpg
000946.jpg,15.4500,/Users/jeff/python/10_demo/v1/frames_step1/blurred_frames/000946.jpg
000947.jpg,17.9348,/Users/jeff/python/10_demo/v1/frames_step1/blurred_frames/000947.jpg
000948.jpg,19.6577,/Users/jeff/python/10_demo/v1/frames_step1/blurred_frames/000948.jpg
000949.jpg,18.6959,/Users/jeff/python/10_demo/v1/frames_step1/blurred_frames/000949.jpg
000950.jpg,18.2120,/Users/jeff/python/10_demo/v1/frames_step1/blurred_frames/000950.jpg
000951.jpg,16.3754,/Users/jeff/python/10_demo/v1/frames_step1/blurred_frames/000951.jpg
000952.jpg,15.4101,/Users/jeff/python/10_demo/v1/frames_step1/blurred_frames/000952.jpg
000953.jpg,15.3216,/Users/jeff/python/10_demo/v1/frames_step1/blurred_frames/000953.jpg
000954.jpg,14.9197,/Users/jeff/python/10_demo/v1/frames_step1/blurred_frames/000954.jpg
000955.jpg,15.7543,/Users/jeff/python/10_demo/v1/frames_step1/blurred_frames/000955.jpg
000956.jpg,16.2397,/Users/jeff/python/10_demo/v1/frames_step1/blurred_frames/000956.jpg
000957.jpg,17.3181,/Users/jeff/python/10_demo/v1/frames_step1/blurred_frames/000957.jpg
000958.jpg,17.3096,/Users/jeff/python/10_demo/v1/frames_step1/blurred_frames/000958.jpg
000959.jpg,17.5967,/Users/jeff/python/10_demo/v1/frames_step1/blurred_frames/000959.jpg
000960.jpg,18.0816,/Users/jeff/python/10_demo/v1/frames_step1/blurred_frames/000960.jpg
000961.jpg,18.0059,/Users/jeff/python/10_demo/v1/frames_step1/blurred_frames/000961.jpg
000962.jpg,18.2338,/Users/jeff/python/10_demo/v1/frames_step1/blurred_frames/000962.jpg
000963.jpg,17.9513,/Users/jeff/python/10_demo/v1/frames_step1/blurred_frames/000963.jpg
000964.jpg,17.8589,/Users/jeff/python/10_demo/v1/frames_step1/blurred_frames/000964.jpg
000965.jpg,18.2762,/Users/jeff/python/10_demo/v1/frames_step1/blurred_frames/000965.jpg
000966.jpg,18.7321,/Users/jeff/python/10_demo/v1/frames_step1/blurred_frames/000966.jpg
000967.jpg,18.8166,/Users/jeff/python/10_demo/v1/frames_step1/blurred_frames/000967.jpg
000968.jpg,18.7047,/Users/jeff/python/10_demo/v1/frames_step1/blurred_frames/000968.jpg
000969.jpg,18.6787,/Users/jeff/python/10_demo/v1/frames_step1/blurred_frames/000969.jpg
000970.jpg,18.6772,/Users/jeff/python/10_demo/v1/frames_step1/blurred_frames/000970.jpg
000971.jpg,18.5200,/Users/jeff/python/10_demo/v1/frames_step1/blurred_frames/000971.jpg
000972.jpg,18.6045,/Users/jeff/python/10_demo/v1/frames_step1/blurred_frames/000972.jpg
000973.jpg,18.3522,/Users/jeff/python/10_demo/v1/frames_step1/blurred_frames/000973.jpg
000974.jpg,18.3475,/Users/jeff/python/10_demo/v1/frames_step1/blurred_frames/000974.jpg
000975.jpg,18.1937,/Users/jeff/python/10_demo/v1/frames_step1/blurred_frames/000975.jpg
000976.jpg,18.0609,/Users/jeff/python/10_demo/v1/frames_step1/blurred_frames/000976.jpg
000977.jpg,18.0718,/Users/jeff/python/10_demo/v1/frames_step1/blurred_frames/000977.jpg
000978.jpg,18.1363,/Users/jeff/python/10_demo/v1/frames_step1/blurred_frames/000978.jpg
000979.jpg,18.2259,/Users/jeff/python/10_demo/v1/frames_step1/blurred_frames/000979.jpg
000980.jpg,18.5670,/Users/jeff/python/10_demo/v1/frames_step1/blurred_frames/000980.jpg
000981.jpg,17.8763,/Users/jeff/python/10_demo/v1/frames_step1/blurred_frames/000981.jpg
000982.jpg,15.1037,/Users/jeff/python/10_demo/v1/frames_step1/blurred_frames/000982.jpg
000983.jpg,15.7581,/Users/jeff/python/10_demo/v1/frames_step1/blurred_frames/000983.jpg
000984.jpg,16.8732,/Users/jeff/python/10_demo/v1/frames_step1/blurred_frames/000984.jpg
000985.jpg,16.3599,/Users/jeff/python/10_demo/v1/frames_step1/blurred_frames/000985.jpg
000986.jpg,15.6976,/Users/jeff/python/10_demo/v1/frames_step1/blurred_frames/000986.jpg
000987.jpg,15.4580,/Users/jeff/python/10_demo/v1/frames_step1/blurred_frames/000987.jpg
000988.jpg,14.4598,/Users/jeff/python/10_demo/v1/frames_step1/blurred_frames/000988.jpg
000989.jpg,14.7990,/Users/jeff/python/10_demo/v1/frames_step1/blurred_frames/000989.jpg
000990.jpg,15.7805,/Users/jeff/python/10_demo/v1/frames_step1/blurred_frames/000990.jpg
000991.jpg,15.0182,/Users/jeff/python/10_demo/v1/frames_step1/blurred_frames/000991.jpg
000992.jpg,19.9792,/Users/jeff/python/10_demo/v1/frames_step1/blurred_frames/000992.jpg
000993.jpg,19.2972,/Users/jeff/python/10_demo/v1/frames_step1/blurred_frames/000993.jpg
000994.jpg,19.0740,/Users/jeff/python/10_demo/v1/frames_step1/blurred_frames/000994.jpg
000995.jpg,21.3053,/Users/jeff/python/10_demo/v1/frames_step1/blurred_frames/000995.jpg
000996.jpg,22.9790,/Users/jeff/python/10_demo/v1/frames_step1/blurred_frames/000996.jpg
000997.jpg,26.8593,/Users/jeff/python/10_demo/v1/frames_step1/blurred_frames/000997.jpg
000998.jpg,26.8355,/Users/jeff/python/10_demo/v1/frames_step1/blurred_frames/000998.jpg
000999.jpg,30.6262,/Users/jeff/python/10_demo/v1/frames_step1/blurred_frames/000999.jpg
001000.jpg,28.9304,/Users/jeff/python/10_demo/v1/frames_step1/blurred_frames/001000.jpg
001001.jpg,31.7333,/Users/jeff/python/10_demo/v1/frames_step1/blurred_frames/001001.jpg
001002.jpg,31.8254,/Users/jeff/python/10_demo/v1/frames_step1/blurred_frames/001002.jpg
001003.jpg,27.7701,/Users/jeff/python/10_demo/v1/frames_step1/blurred_frames/001003.jpg
001004.jpg,28.6108,/Users/jeff/python/10_demo/v1/frames_step1/blurred_frames/001004.jpg
001005.jpg,34.2173,/Users/jeff/python/10_demo/v1/frames_step1/blurred_frames/001005.jpg
001006.jpg,29.7123,/Users/jeff/python/10_demo/v1/frames_step1/blurred_frames/001006.jpg
001007.jpg,21.6128,/Users/jeff/python/10_demo/v1/frames_step1/blurred_frames/001007.jpg
001008.jpg,22.7397,/Users/jeff/python/10_demo/v1/frames_step1/blurred_frames/001008.jpg
001009.jpg,17.0609,/Users/jeff/python/10_demo/v1/frames_step1/blurred_frames/001009.jpg
001010.jpg,13.9318,/Users/jeff/python/10_demo/v1/frames_step1/blurred_frames/001010.jpg
001011.jpg,13.2012,/Users/jeff/python/10_demo/v1/frames_step1/blurred_frames/001011.jpg
001012.jpg,12.7769,/Users/jeff/python/10_demo/v1/frames_step1/blurred_frames/001012.jpg
001013.jpg,12.3657,/Users/jeff/python/10_demo/v1/frames_step1/blurred_frames/001013.jpg
001014.jpg,12.7504,/Users/jeff/python/10_demo/v1/frames_step1/blurred_frames/001014.jpg
001015.jpg,13.6202,/Users/jeff/python/10_demo/v1/frames_step1/blurred_frames/001015.jpg
001016.jpg,13.8117,/Users/jeff/python/10_demo/v1/frames_step1/blurred_frames/001016.jpg
001017.jpg,13.5603,/Users/jeff/python/10_demo/v1/frames_step1/blurred_frames/001017.jpg
001018.jpg,13.9313,/Users/jeff/python/10_demo/v1/frames_step1/blurred_frames/001018.jpg
001019.jpg,13.7228,/Users/jeff/python/10_demo/v1/frames_step1/blurred_frames/001019.jpg
001020.jpg,13.6944,/Users/jeff/python/10_demo/v1/frames_step1/blurred_frames/001020.jpg
001021.jpg,13.6924,/Users/jeff/python/10_demo/v1/frames_step1/blurred_frames/001021.jpg
001022.jpg,14.1055,/Users/jeff/python/10_demo/v1/frames_step1/blurred_frames/001022.jpg
001023.jpg,14.5035,/Users/jeff/python/10_demo/v1/frames_step1/blurred_frames/001023.jpg
001024.jpg,14.9519,/Users/jeff/python/10_demo/v1/frames_step1/blurred_frames/001024.jpg
001025.jpg,18.7479,/Users/jeff/python/10_demo/v1/frames_step1/blurred_frames/001025.jpg
001026.jpg,18.7564,/Users/jeff/python/10_demo/v1/frames_step1/blurred_frames/001026.jpg
001027.jpg,19.1124,/Users/jeff/python/10_demo/v1/frames_step1/blurred_frames/001027.jpg
001028.jpg,19.5402,/Users/jeff/python/10_demo/v1/frames_step1/blurred_frames/001028.jpg
001029.jpg,20.0407,/Users/jeff/python/10_demo/v1/frames_step1/blurred_frames/001029.jpg
001030.jpg,21.0261,/Users/jeff/python/10_demo/v1/frames_step1/blurred_frames/001030.jpg
001031.jpg,21.2698,/Users/jeff/python/10_demo/v1/frames_step1/blurred_frames/001031.jpg
001032.jpg,20.1846,/Users/jeff/python/10_demo/v1/frames_step1/blurred_frames/001032.jpg
001033.jpg,19.1330,/Users/jeff/python/10_demo/v1/frames_step1/blurred_frames/001033.jpg
001034.jpg,20.1426,/Users/jeff/python/10_demo/v1/frames_step1/blurred_frames/001034.jpg
001035.jpg,21.2689,/Users/jeff/python/10_demo/v1/frames_step1/blurred_frames/001035.jpg
001036.jpg,21.5424,/Users/jeff/python/10_demo/v1/frames_step1/blurred_frames/001036.jpg
001037.jpg,21.2947,/Users/jeff/python/10_demo/v1/frames_step1/blurred_frames/001037.jpg
001038.jpg,20.9813,/Users/jeff/python/10_demo/v1/frames_step1/blurred_frames/001038.jpg
001039.jpg,22.1670,/Users/jeff/python/10_demo/v1/frames_step1/blurred_frames/001039.jpg
001040.jpg,19.7839,/Users/jeff/python/10_demo/v1/frames_step1/blurred_frames/001040.jpg
001041.jpg,18.6661,/Users/jeff/python/10_demo/v1/frames_step1/blurred_frames/001041.jpg
001042.jpg,19.5460,/Users/jeff/python/10_demo/v1/frames_step1/blurred_frames/001042.jpg
001043.jpg,21.9589,/Users/jeff/python/10_demo/v1/frames_step1/blurred_frames/001043.jpg
001044.jpg,22.4601,/Users/jeff/python/10_demo/v1/frames_step1/blurred_frames/001044.jpg
001045.jpg,28.9456,/Users/jeff/python/10_demo/v1/frames_step1/blurred_frames/001045.jpg
001046.jpg,28.0876,/Users/jeff/python/10_demo/v1/frames_step1/blurred_frames/001046.jpg
001047.jpg,29.5292,/Users/jeff/python/10_demo/v1/frames_step1/blurred_frames/001047.jpg
001048.jpg,27.5775,/Users/jeff/python/10_demo/v1/frames_step1/blurred_frames/001048.jpg
001049.jpg,26.9897,/Users/jeff/python/10_demo/v1/frames_step1/blurred_frames/001049.jpg
001050.jpg,26.9938,/Users/jeff/python/10_demo/v1/frames_step1/blurred_frames/001050.jpg
001051.jpg,26.2762,/Users/jeff/python/10_demo/v1/frames_step1/blurred_frames/001051.jpg
001052.jpg,26.5301,/Users/jeff/python/10_demo/v1/frames_step1/blurred_frames/001052.jpg
001053.jpg,26.7746,/Users/jeff/python/10_demo/v1/frames_step1/blurred_frames/001053.jpg
001054.jpg,24.9210,/Users/jeff/python/10_demo/v1/frames_step1/blurred_frames/001054.jpg
001055.jpg,23.8707,/Users/jeff/python/10_demo/v1/frames_step1/blurred_frames/001055.jpg
001056.jpg,22.7746,/Users/jeff/python/10_demo/v1/frames_step1/blurred_frames/001056.jpg
001057.jpg,19.1601,/Users/jeff/python/10_demo/v1/frames_step1/blurred_frames/001057.jpg
001058.jpg,18.1575,/Users/jeff/python/10_demo/v1/frames_step1/blurred_frames/001058.jpg
001059.jpg,18.0269,/Users/jeff/python/10_demo/v1/frames_step1/blurred_frames/001059.jpg
001060.jpg,18.0310,/Users/jeff/python/10_demo/v1/frames_step1/blurred_frames/001060.jpg
001061.jpg,18.9922,/Users/jeff/python/10_demo/v1/frames_step1/blurred_frames/001061.jpg
001062.jpg,19.9107,/Users/jeff/python/10_demo/v1/frames_step1/blurred_frames/001062.jpg
001063.jpg,18.7966,/Users/jeff/python/10_demo/v1/frames_step1/blurred_frames/001063.jpg
001064.jpg,20.1557,/Users/jeff/python/10_demo/v1/frames_step1/blurred_frames/001064.jpg
001065.jpg,20.7234,/Users/jeff/python/10_demo/v1/frames_step1/blurred_frames/001065.jpg
001066.jpg,20.7798,/Users/jeff/python/10_demo/v1/frames_step1/blurred_frames/001066.jpg
001067.jpg,19.1942,/Users/jeff/python/10_demo/v1/frames_step1/blurred_frames/001067.jpg
001068.jpg,21.6424,/Users/jeff/python/10_demo/v1/frames_step1/blurred_frames/001068.jpg
001069.jpg,20.7644,/Users/jeff/python/10_demo/v1/frames_step1/blurred_frames/001069.jpg
001070.jpg,22.9153,/Users/jeff/python/10_demo/v1/frames_step1/blurred_frames/001070.jpg
001071.jpg,22.1542,/Users/jeff/python/10_demo/v1/frames_step1/blurred_frames/001071.jpg
001072.jpg,22.2780,/Users/jeff/python/10_demo/v1/frames_step1/blurred_frames/001072.jpg
001073.jpg,23.4992,/Users/jeff/python/10_demo/v1/frames_step1/blurred_frames/001073.jpg
001074.jpg,23.5570,/Users/jeff/python/10_demo/v1/frames_step1/blurred_frames/001074.jpg
001075.jpg,23.6145,/Users/jeff/python/10_demo/v1/frames_step1/blurred_frames/001075.jpg
001076.jpg,23.3598,/Users/jeff/python/10_demo/v1/frames_step1/blurred_frames/001076.jpg
001077.jpg,23.5225,/Users/jeff/python/10_demo/v1/frames_step1/blurred_frames/001077.jpg
001078.jpg,24.6956,/Users/jeff/python/10_demo/v1/frames_step1/blurred_frames/001078.jpg
001079.jpg,24.1007,/Users/jeff/python/10_demo/v1/frames_step1/blurred_frames/001079.jpg
001080.jpg,22.3331,/Users/jeff/python/10_demo/v1/frames_step1/blurred_frames/001080.jpg
001081.jpg,20.9073,/Users/jeff/python/10_demo/v1/frames_step1/blurred_frames/001081.jpg
001082.jpg,18.1849,/Users/jeff/python/10_demo/v1/frames_step1/blurred_frames/001082.jpg
001083.jpg,11.0763,/Users/jeff/python/10_demo/v1/frames_step1/blurred_frames/001083.jpg
001084.jpg,7.8082,/Users/jeff/python/10_demo/v1/frames_step1/blurred_frames/001084.jpg
001085.jpg,7.0591,/Users/jeff/python/10_demo/v1/frames_step1/blurred_frames/001085.jpg
001086.jpg,8.0611,/Users/jeff/python/10_demo/v1/frames_step1/blurred_frames/001086.jpg
001087.jpg,9.8443,/Users/jeff/python/10_demo/v1/frames_step1/blurred_frames/001087.jpg
001088.jpg,10.2388,/Users/jeff/python/10_demo/v1/frames_step1/blurred_frames/001088.jpg
001089.jpg,10.0698,/Users/jeff/python/10_demo/v1/frames_step1/blurred_frames/001089.jpg
001090.jpg,10.3304,/Users/jeff/python/10_demo/v1/frames_step1/blurred_frames/001090.jpg
001091.jpg,9.8990,/Users/jeff/python/10_demo/v1/frames_step1/blurred_frames/001091.jpg
001092.jpg,10.5834,/Users/jeff/python/10_demo/v1/frames_step1/blurred_frames/001092.jpg
001093.jpg,10.5324,/Users/jeff/python/10_demo/v1/frames_step1/blurred_frames/001093.jpg
001094.jpg,15.1280,/Users/jeff/python/10_demo/v1/frames_step1/blurred_frames/001094.jpg
001095.jpg,11.8478,/Users/jeff/python/10_demo/v1/frames_step1/blurred_frames/001095.jpg
001096.jpg,11.7938,/Users/jeff/python/10_demo/v1/frames_step1/blurred_frames/001096.jpg
001097.jpg,11.1537,/Users/jeff/python/10_demo/v1/frames_step1/blurred_frames/001097.jpg
001098.jpg,10.9581,/Users/jeff/python/10_demo/v1/frames_step1/blurred_frames/001098.jpg
001099.jpg,10.9713,/Users/jeff/python/10_demo/v1/frames_step1/blurred_frames/001099.jpg
001100.jpg,16.7589,/Users/jeff/python/10_demo/v1/frames_step1/blurred_frames/001100.jpg
001101.jpg,20.7617,/Users/jeff/python/10_demo/v1/frames_step1/blurred_frames/001101.jpg
001102.jpg,20.7486,/Users/jeff/python/10_demo/v1/frames_step1/blurred_frames/001102.jpg
001103.jpg,20.0179,/Users/jeff/python/10_demo/v1/frames_step1/blurred_frames/001103.jpg
001104.jpg,20.9913,/Users/jeff/python/10_demo/v1/frames_step1/blurred_frames/001104.jpg
001105.jpg,21.1578,/Users/jeff/python/10_demo/v1/frames_step1/blurred_frames/001105.jpg
001106.jpg,20.8736,/Users/jeff/python/10_demo/v1/frames_step1/blurred_frames/001106.jpg
001107.jpg,20.3211,/Users/jeff/python/10_demo/v1/frames_step1/blurred_frames/001107.jpg
001108.jpg,20.1743,/Users/jeff/python/10_demo/v1/frames_step1/blurred_frames/001108.jpg
001109.jpg,19.1915,/Users/jeff/python/10_demo/v1/frames_step1/blurred_frames/001109.jpg
001110.jpg,19.0358,/Users/jeff/python/10_demo/v1/frames_step1/blurred_frames/001110.jpg
001111.jpg,32.2633,/Users/jeff/python/10_demo/v1/frames_step1/blurred_frames/001111.jpg
001112.jpg,24.8490,/Users/jeff/python/10_demo/v1/frames_step1/blurred_frames/001112.jpg
001113.jpg,18.5175,/Users/jeff/python/10_demo/v1/frames_step1/blurred_frames/001113.jpg
001114.jpg,17.6216,/Users/jeff/python/10_demo/v1/frames_step1/blurred_frames/001114.jpg
001115.jpg,17.1021,/Users/jeff/python/10_demo/v1/frames_step1/blurred_frames/001115.jpg
001116.jpg,17.1037,/Users/jeff/python/10_demo/v1/frames_step1/blurred_frames/001116.jpg
001117.jpg,23.4603,/Users/jeff/python/10_demo/v1/frames_step1/blurred_frames/001117.jpg
001118.jpg,17.1861,/Users/jeff/python/10_demo/v1/frames_step1/blurred_frames/001118.jpg
001119.jpg,16.7906,/Users/jeff/python/10_demo/v1/frames_step1/blurred_frames/001119.jpg
001120.jpg,20.1453,/Users/jeff/python/10_demo/v1/frames_step1/blurred_frames/001120.jpg
001121.jpg,24.8710,/Users/jeff/python/10_demo/v1/frames_step1/blurred_frames/001121.jpg
001122.jpg,29.2085,/Users/jeff/python/10_demo/v1/frames_step1/blurred_frames/001122.jpg
001123.jpg,29.6985,/Users/jeff/python/10_demo/v1/frames_step1/blurred_frames/001123.jpg
001124.jpg,29.6925,/Users/jeff/python/10_demo/v1/frames_step1/blurred_frames/001124.jpg
001125.jpg,30.7237,/Users/jeff/python/10_demo/v1/frames_step1/blurred_frames/001125.jpg
001126.jpg,29.3824,/Users/jeff/python/10_demo/v1/frames_step1/blurred_frames/001126.jpg
001127.jpg,40.8614,/Users/jeff/python/10_demo/v1/frames_step1/blurred_frames/001127.jpg
001128.jpg,41.3427,/Users/jeff/python/10_demo/v1/frames_step1/blurred_frames/001128.jpg
001129.jpg,41.9834,/Users/jeff/python/10_demo/v1/frames_step1/blurred_frames/001129.jpg
001130.jpg,41.9019,/Users/jeff/python/10_demo/v1/frames_step1/blurred_frames/001130.jpg
001131.jpg,42.4717,/Users/jeff/python/10_demo/v1/frames_step1/blurred_frames/001131.jpg
001132.jpg,43.4615,/Users/jeff/python/10_demo/v1/frames_step1/blurred_frames/001132.jpg
001133.jpg,44.2722,/Users/jeff/python/10_demo/v1/frames_step1/blurred_frames/001133.jpg
001134.jpg,44.2401,/Users/jeff/python/10_demo/v1/frames_step1/blurred_frames/001134.jpg
001135.jpg,43.8516,/Users/jeff/python/10_demo/v1/frames_step1/blurred_frames/001135.jpg
001136.jpg,43.5444,/Users/jeff/python/10_demo/v1/frames_step1/blurred_frames/001136.jpg
001137.jpg,43.3061,/Users/jeff/python/10_demo/v1/frames_step1/blurred_frames/001137.jpg
001138.jpg,42.8842,/Users/jeff/python/10_demo/v1/frames_step1/blurred_frames/001138.jpg
001139.jpg,42.6877,/Users/jeff/python/10_demo/v1/frames_step1/blurred_frames/001139.jpg
001140.jpg,42.2629,/Users/jeff/python/10_demo/v1/frames_step1/blurred_frames/001140.jpg
001141.jpg,41.9908,/Users/jeff/python/10_demo/v1/frames_step1/blurred_frames/001141.jpg
001142.jpg,41.8813,/Users/jeff/python/10_demo/v1/frames_step1/blurred_frames/001142.jpg
001143.jpg,41.9782,/Users/jeff/python/10_demo/v1/frames_step1/blurred_frames/001143.jpg
001144.jpg,42.2316,/Users/jeff/python/10_demo/v1/frames_step1/blurred_frames/001144.jpg
001145.jpg,42.2070,/Users/jeff/python/10_demo/v1/frames_step1/blurred_frames/001145.jpg
001146.jpg,42.3252,/Users/jeff/python/10_demo/v1/frames_step1/blurred_frames/001146.jpg
001147.jpg,43.0902,/Users/jeff/python/10_demo/v1/frames_step1/blurred_frames/001147.jpg
001148.jpg,43.0853,/Users/jeff/python/10_demo/v1/frames_step1/blurred_frames/001148.jpg
001149.jpg,43.2121,/Users/jeff/python/10_demo/v1/frames_step1/blurred_frames/001149.jpg
001150.jpg,43.1333,/Users/jeff/python/10_demo/v1/frames_step1/blurred_frames/001150.jpg
001151.jpg,43.4147,/Users/jeff/python/10_demo/v1/frames_step1/blurred_frames/001151.jpg
001152.jpg,43.2663,/Users/jeff/python/10_demo/v1/frames_step1/blurred_frames/001152.jpg
001153.jpg,42.2052,/Users/jeff/python/10_demo/v1/frames_step1/blurred_frames/001153.jpg
001154.jpg,41.4972,/Users/jeff/python/10_demo/v1/frames_step1/blurred_frames/001154.jpg
001155.jpg,41.8290,/Users/jeff/python/10_demo/v1/frames_step1/blurred_frames/001155.jpg
001156.jpg,42.1714,/Users/jeff/python/10_demo/v1/frames_step1/blurred_frames/001156.jpg
001157.jpg,42.5836,/Users/jeff/python/10_demo/v1/frames_step1/blurred_frames/001157.jpg
001158.jpg,42.6768,/Users/jeff/python/10_demo/v1/frames_step1/blurred_frames/001158.jpg
001159.jpg,42.9268,/Users/jeff/python/10_demo/v1/frames_step1/blurred_frames/001159.jpg
001160.jpg,43.0583,/Users/jeff/python/10_demo/v1/frames_step1/blurred_frames/001160.jpg
001161.jpg,42.8515,/Users/jeff/python/10_demo/v1/frames_step1/blurred_frames/001161.jpg
001162.jpg,42.8391,/Users/jeff/python/10_demo/v1/frames_step1/blurred_frames/001162.jpg
001163.jpg,42.7856,/Users/jeff/python/10_demo/v1/frames_step1/blurred_frames/001163.jpg
001164.jpg,42.5856,/Users/jeff/python/10_demo/v1/frames_step1/blurred_frames/001164.jpg
001165.jpg,43.1136,/Users/jeff/python/10_demo/v1/frames_step1/blurred_frames/001165.jpg
001166.jpg,43.6445,/Users/jeff/python/10_demo/v1/frames_step1/blurred_frames/001166.jpg
001167.jpg,43.6447,/Users/jeff/python/10_demo/v1/frames_step1/blurred_frames/001167.jpg
001168.jpg,44.2115,/Users/jeff/python/10_demo/v1/frames_step1/blurred_frames/001168.jpg
001169.jpg,44.0123,/Users/jeff/python/10_demo/v1/frames_step1/blurred_frames/001169.jpg
001170.jpg,43.5627,/Users/jeff/python/10_demo/v1/frames_step1/blurred_frames/001170.jpg
001171.jpg,44.1735,/Users/jeff/python/10_demo/v1/frames_step1/blurred_frames/001171.jpg
001172.jpg,44.1711,/Users/jeff/python/10_demo/v1/frames_step1/blurred_frames/001172.jpg
001173.jpg,43.2860,/Users/jeff/python/10_demo/v1/frames_step1/blurred_frames/001173.jpg
001174.jpg,43.2031,/Users/jeff/python/10_demo/v1/frames_step1/blurred_frames/001174.jpg
001175.jpg,43.0586,/Users/jeff/python/10_demo/v1/frames_step1/blurred_frames/001175.jpg
001176.jpg,4.2582,/Users/jeff/python/10_demo/v1/frames_step1/blurred_frames/001176.jpg
001177.jpg,4.6837,/Users/jeff/python/10_demo/v1/frames_step1/blurred_frames/001177.jpg
001178.jpg,4.4057,/Users/jeff/python/10_demo/v1/frames_step1/blurred_frames/001178.jpg
001179.jpg,2.0941,/Users/jeff/python/10_demo/v1/frames_step1/blurred_frames/001179.jpg
001180.jpg,2.3925,/Users/jeff/python/10_demo/v1/frames_step1/blurred_frames/001180.jpg
001181.jpg,2.6877,/Users/jeff/python/10_demo/v1/frames_step1/blurred_frames/001181.jpg
001182.jpg,2.8434,/Users/jeff/python/10_demo/v1/frames_step1/blurred_frames/001182.jpg
001183.jpg,2.9075,/Users/jeff/python/10_demo/v1/frames_step1/blurred_frames/001183.jpg
001184.jpg,2.8237,/Users/jeff/python/10_demo/v1/frames_step1/blurred_frames/001184.jpg
001185.jpg,3.0529,/Users/jeff/python/10_demo/v1/frames_step1/blurred_frames/001185.jpg
001186.jpg,3.0729,/Users/jeff/python/10_demo/v1/frames_step1/blurred_frames/001186.jpg
001187.jpg,3.2432,/Users/jeff/python/10_demo/v1/frames_step1/blurred_frames/001187.jpg
001188.jpg,2.9852,/Users/jeff/python/10_demo/v1/frames_step1/blurred_frames/001188.jpg
001189.jpg,2.6481,/Users/jeff/python/10_demo/v1/frames_step1/blurred_frames/001189.jpg
001190.jpg,2.5991,/Users/jeff/python/10_demo/v1/frames_step1/blurred_frames/001190.jpg
001191.jpg,2.3440,/Users/jeff/python/10_demo/v1/frames_step1/blurred_frames/001191.jpg
001192.jpg,2.7121,/Users/jeff/python/10_demo/v1/frames_step1/blurred_frames/001192.jpg
001193.jpg,3.2700,/Users/jeff/python/10_demo/v1/frames_step1/blurred_frames/001193.jpg
001194.jpg,4.5191,/Users/jeff/python/10_demo/v1/frames_step1/blurred_frames/001194.jpg
001195.jpg,5.3832,/Users/jeff/python/10_demo/v1/frames_step1/blurred_frames/001195.jpg
001196.jpg,4.3046,/Users/jeff/python/10_demo/v1/frames_step1/blurred_frames/001196.jpg
001197.jpg,4.3040,/Users/jeff/python/10_demo/v1/frames_step1/blurred_frames/001197.jpg
001198.jpg,2.9319,/Users/jeff/python/10_demo/v1/frames_step1/blurred_frames/001198.jpg
001199.jpg,3.2062,/Users/jeff/python/10_demo/v1/frames_step1/blurred_frames/001199.jpg
001200.jpg,4.1110,/Users/jeff/python/10_demo/v1/frames_step1/blurred_frames/001200.jpg
001201.jpg,4.3549,/Users/jeff/python/10_demo/v1/frames_step1/blurred_frames/001201.jpg
001202.jpg,3.9150,/Users/jeff/python/10_demo/v1/frames_step1/blurred_frames/001202.jpg
001203.jpg,3.8967,/Users/jeff/python/10_demo/v1/frames_step1/blurred_frames/001203.jpg
001204.jpg,4.2108,/Users/jeff/python/10_demo/v1/frames_step1/blurred_frames/001204.jpg
001205.jpg,5.3877,/Users/jeff/python/10_demo/v1/frames_step1/blurred_frames/001205.jpg
001206.jpg,7.4899,/Users/jeff/python/10_demo/v1/frames_step1/blurred_frames/001206.jpg
001207.jpg,22.3161,/Users/jeff/python/10_demo/v1/frames_step1/blurred_frames/001207.jpg
001208.jpg,19.3467,/Users/jeff/python/10_demo/v1/frames_step1/blurred_frames/001208.jpg
001209.jpg,30.8066,/Users/jeff/python/10_demo/v1/frames_step1/blurred_frames/001209.jpg
001210.jpg,23.3997,/Users/jeff/python/10_demo/v1/frames_step1/blurred_frames/001210.jpg
001211.jpg,40.4938,/Users/jeff/python/10_demo/v1/frames_step1/blurred_frames/001211.jpg
001212.jpg,35.0241,/Users/jeff/python/10_demo/v1/frames_step1/blurred_frames/001212.jpg
001213.jpg,57.2475,/Users/jeff/python/10_demo/v1/frames_step1/blurred_frames/001213.jpg
001214.jpg,50.5474,/Users/jeff/python/10_demo/v1/frames_step1/blurred_frames/001214.jpg
001215.jpg,61.9986,/Users/jeff/python/10_demo/v1/frames_step1/blurred_frames/001215.jpg
001216.jpg,56.7842,/Users/jeff/python/10_demo/v1/frames_step1/blurred_frames/001216.jpg
001217.jpg,68.4701,/Users/jeff/python/10_demo/v1/frames_step1/blurred_frames/001217.jpg
001218.jpg,66.0156,/Users/jeff/python/10_demo/v1/frames_step1/blurred_frames/001218.jpg
001219.jpg,68.2223,/Users/jeff/python/10_demo/v1/frames_step1/blurred_frames/001219.jpg
001220.jpg,77.4413,/Users/jeff/python/10_demo/v1/frames_step1/blurred_frames/001220.jpg
001221.jpg,78.6115,/Users/jeff/python/10_demo/v1/frames_step1/blurred_frames/001221.jpg
001229.jpg,78.4115,/Users/jeff/python/10_demo/v1/frames_step1/blurred_frames/001229.jpg
001230.jpg,69.6093,/Users/jeff/python/10_demo/v1/frames_step1/blurred_frames/001230.jpg
001231.jpg,62.5152,/Users/jeff/python/10_demo/v1/frames_step1/blurred_frames/001231.jpg
001232.jpg,62.5311,/Users/jeff/python/10_demo/v1/frames_step1/blurred_frames/001232.jpg
001233.jpg,62.6476,/Users/jeff/python/10_demo/v1/frames_step1/blurred_frames/001233.jpg
001234.jpg,65.2848,/Users/jeff/python/10_demo/v1/frames_step1/blurred_frames/001234.jpg
001235.jpg,68.8142,/Users/jeff/python/10_demo/v1/frames_step1/blurred_frames/001235.jpg
001236.jpg,71.5600,/Users/jeff/python/10_demo/v1/frames_step1/blurred_frames/001236.jpg
001237.jpg,69.6733,/Users/jeff/python/10_demo/v1/frames_step1/blurred_frames/001237.jpg
001238.jpg,68.7041,/Users/jeff/python/10_demo/v1/frames_step1/blurred_frames/001238.jpg
001239.jpg,65.8072,/Users/jeff/python/10_demo/v1/frames_step1/blurred_frames/001239.jpg
001240.jpg,64.4197,/Users/jeff/python/10_demo/v1/frames_step1/blurred_frames/001240.jpg
001241.jpg,68.7171,/Users/jeff/python/10_demo/v1/frames_step1/blurred_frames/001241.jpg
001242.jpg,70.5528,/Users/jeff/python/10_demo/v1/frames_step1/blurred_frames/001242.jpg
001243.jpg,68.9431,/Users/jeff/python/10_demo/v1/frames_step1/blurred_frames/001243.jpg
001244.jpg,63.3770,/Users/jeff/python/10_demo/v1/frames_step1/blurred_frames/001244.jpg
001245.jpg,59.4238,/Users/jeff/python/10_demo/v1/frames_step1/blurred_frames/001245.jpg
001246.jpg,59.5746,/Users/jeff/python/10_demo/v1/frames_step1/blurred_frames/001246.jpg
001247.jpg,63.3579,/Users/jeff/python/10_demo/v1/frames_step1/blurred_frames/001247.jpg
001248.jpg,56.7698,/Users/jeff/python/10_demo/v1/frames_step1/blurred_frames/001248.jpg
001249.jpg,54.4721,/Users/jeff/python/10_demo/v1/frames_step1/blurred_frames/001249.jpg
001250.jpg,49.7267,/Users/jeff/python/10_demo/v1/frames_step1/blurred_frames/001250.jpg
001251.jpg,50.7648,/Users/jeff/python/10_demo/v1/frames_step1/blurred_frames/001251.jpg
001252.jpg,50.5914,/Users/jeff/python/10_demo/v1/frames_step1/blurred_frames/001252.jpg
